Symbol,Name,Sector,Price,Price/Earnings,Dividend Yield,Earnings/Share,52 Week Low,52 Week High,Market Cap,EBITDA,Price/Sales,Price/Book,SEC Filings
MMM,3M,Industrial Conglomerates,133.53,13.894901,0.021,9.61,75.652176,141.34,72714960896,8117000192,2.2279234,15.66518,http://www.sec.gov/cgi-bin/browse-edgar?action=getcompany&CIK=MMM
AOS,A. O. Smith,Building Products,74.49,19.654354,0.0183,3.79,70.73,92.45,10744139776,809100032,2.7592943,5.635071,http://www.sec.gov/cgi-bin/browse-edgar?action=getcompany&CIK=AOS
ABT,Abbott Laboratories,Health Care Equipment,118.77,36.100304,0.0185,3.29,99.71,121.64,206312996864,10824999936,5.005532,5.1765165,http://www.sec.gov/cgi-bin/browse-edgar?action=getcompany&CIK=ABT
ABBV,AbbVie,Biotechnology,182.93,63.738674,0.0359,2.87,142.66,207.32,323528163328,25629999104,5.8258724,53.598003,http://www.sec.gov/cgi-bin/browse-edgar?action=getcompany&CIK=ABBV
ACN,Accenture,IT Consulting & Other Services,362.37,31.648035,0.0163,11.45,278.69,387.51,226429059072,11065912320,3.4890816,8.009593,http://www.sec.gov/cgi-bin/browse-edgar?action=getcompany&CIK=ACN
ADBE,Adobe Inc.,Application Software,515.93,43.685856,,11.81,433.97,638.25,227112386560,8134000128,10.842239,15.784916,http://www.sec.gov/cgi-bin/browse-edgar?action=getcompany&CIK=ADBE
AMD,Advanced Micro Devices,Semiconductors,137.175,122.477684,,1.12,116.37,227.3,222608965632,4479000064,9.162748,3.9068954,http://www.sec.gov/cgi-bin/browse-edgar?action=getcompany&CIK=AMD
AES,AES Corporation,Independent Power Producers & Energy Traders,13.04,9.055555,0.0529,1.44,12.53,22.21,9271792640,3334000128,0.7547861,2.818241,http://www.sec.gov/cgi-bin/browse-edgar?action=getcompany&CIK=AES
AFL,Aflac,Life & Health Insurance,114.0,16.93908,0.0175,6.73,75.08,115.5,63385825280,4779250176,3.6634972,2.5559964,http://www.sec.gov/cgi-bin/browse-edgar?action=getcompany&CIK=AFL
A,Agilent Technologies,Life Sciences Tools & Services,137.97,31.14447,0.0074,4.43,124.16,155.35,39396507648,1564000000,6.0638,6.720409,http://www.sec.gov/cgi-bin/browse-edgar?action=getcompany&CIK=A
APD,Air Products,Industrial Gases,334.33,19.381449,0.0212,17.25,212.24,336.42,74347970560,4296600064,6.144156,4.3683853,http://www.sec.gov/cgi-bin/browse-edgar?action=getcompany&CIK=APD
ABNB,Airbnb,"Hotels, Resorts & Cruise Lines",136.11,47.096886,,2.89,110.38,170.1,86393380864,1672999936,7.9698687,10.230758,http://www.sec.gov/cgi-bin/browse-edgar?action=getcompany&CIK=ABNB
AKAM,Akamai Technologies,Internet Services & Infrastructure,94.02,27.816566,,3.38,84.7,129.17,14124343296,1118397952,3.5611365,2.9540029,http://www.sec.gov/cgi-bin/browse-edgar?action=getcompany&CIK=AKAM
ALB,Albemarle Corporation,Specialty Chemicals,107.7,,0.015,-16.76,71.97,153.54,12692014080,-935078016,1.9520235,1.5812656,http://www.sec.gov/cgi-bin/browse-edgar?action=getcompany&CIK=ALB
ARE,Alexandria Real Estate Equities,Office REITs,110.23,67.21342,0.047199998,1.64,102.89,135.45,19314720768,1905123968,6.259932,1.0422064,http://www.sec.gov/cgi-bin/browse-edgar?action=getcompany&CIK=ARE
ALGN,Align Technology,Health Care Supplies,232.77,39.654175,,5.87,196.09,335.4,17377003520,820153984,4.387557,4.411698,http://www.sec.gov/cgi-bin/browse-edgar?action=getcompany&CIK=ALGN
ALLE,Allegion,Building Products,140.84,21.634407,0.0136,6.51,104.25,156.1,12292670464,888400000,3.300932,7.79284,http://www.sec.gov/cgi-bin/browse-edgar?action=getcompany&CIK=ALLE
LNT,Alliant Energy,Electric Utilities,63.2,24.59144,0.0304,2.57,46.8,64.19,16317166592,1636999936,4.1142626,2.32738,http://www.sec.gov/cgi-bin/browse-edgar?action=getcompany&CIK=LNT
ALL,Allstate,Property & Casualty Insurance,207.39,13.405947,0.0177,15.47,134.17,209.88,55132143616,6192999936,0.88307506,2.9115539,http://www.sec.gov/cgi-bin/browse-edgar?action=getcompany&CIK=ALL
GOOGL,Alphabet Inc. (Class A),Interactive Media & Services,168.95,22.407162,0.0047,7.54,127.9,191.75,2080348962816,123469996032,6.1212115,6.5962596,http://www.sec.gov/cgi-bin/browse-edgar?action=getcompany&CIK=GOOGL
GOOG,Alphabet Inc. (Class C),Interactive Media & Services,170.49,22.611406,0.0047,7.54,129.4,193.31,2080335986688,123469996032,6.1211734,6.6563854,http://www.sec.gov/cgi-bin/browse-edgar?action=getcompany&CIK=GOOG
MO,Altria,Tobacco,57.74,9.753379,0.070700005,5.92,39.25,58.04,97858330624,12216000512,4.805929,,http://www.sec.gov/cgi-bin/browse-edgar?action=getcompany&CIK=MO
AMZN,Amazon,Broadline Retail,207.89,44.42094,,4.68,142.81,215.9,2185963372544,111583002624,3.5250196,8.431961,http://www.sec.gov/cgi-bin/browse-edgar?action=getcompany&CIK=AMZN
AMCR,Amcor,Paper & Plastic Packaging Products & Materials,10.64,20.075474,0.0479,0.53,8.78,11.48,15378418688,1904000000,1.1349386,3.9218578,http://www.sec.gov/cgi-bin/browse-edgar?action=getcompany&CIK=AMCR
AMTM,Amentum,Diversified Support Services,24.35,14.494048,,1.68,21.24,34.5,5924403712,433000000,1.0549152,,http://www.sec.gov/cgi-bin/browse-edgar?action=getcompany&CIK=AMTM
AEE,Ameren,Multi-Utilities,94.39,22.209412,0.028399998,4.25,67.03,95.69,25352775680,3264000000,3.5920625,2.1290178,http://www.sec.gov/cgi-bin/browse-edgar?action=getcompany&CIK=AEE
AEP,American Electric Power,Electric Utilities,99.86,20.133064,0.0373,4.96,75.22,105.18,53197918208,7258299904,2.7138748,1.9976395,http://www.sec.gov/cgi-bin/browse-edgar?action=getcompany&CIK=AEP
AXP,American Express,Consumer Finance,304.68,22.419426,0.0092,13.59,165.93,307.82,214630301696,,3.623125,7.2204185,http://www.sec.gov/cgi-bin/browse-edgar?action=getcompany&CIK=AXP
AIG,American International Group,Multi-line Insurance,76.88,15.284293,0.0208,5.03,64.81,80.83,48117575680,8501000192,1.0622216,1.0758767,http://www.sec.gov/cgi-bin/browse-edgar?action=getcompany&CIK=AIG
AMT,American Tower,Telecom Tower REITs,209.0,50.240387,0.031,4.16,170.46,243.56,97803640832,6966099968,8.757725,26.81894,http://www.sec.gov/cgi-bin/browse-edgar?action=getcompany&CIK=AMT
AWK,American Water Works,Water Utilities,136.94,27.170635,0.0223,5.04,113.34,150.68,26955816960,2408000000,5.9702806,2.5756578,http://www.sec.gov/cgi-bin/browse-edgar?action=getcompany&CIK=AWK
AMP,Ameriprise Financial,Asset Management & Custody Banks,573.97,21.932364,0.010299999,26.17,349.9,577.0,55683465216,,3.1919444,9.7640505,http://www.sec.gov/cgi-bin/browse-edgar?action=getcompany&CIK=AMP
AME,Ametek,Electrical Components & Equipment,194.38,33.92321,0.0058,5.73,149.03,198.33,45128040448,2138388992,6.530393,4.707906,http://www.sec.gov/cgi-bin/browse-edgar?action=getcompany&CIK=AME
AMGN,Amgen,Biotechnology,282.87,36.080357,0.0318,7.84,257.8,346.85,152051957760,12247000064,4.6736326,20.199228,http://www.sec.gov/cgi-bin/browse-edgar?action=getcompany&CIK=AMGN
APH,Amphenol,Electronic Components,72.65,41.752872,0.0091,1.74,45.47,74.93,87696547840,3586299904,6.161754,9.264218,http://www.sec.gov/cgi-bin/browse-edgar?action=getcompany&CIK=APH
ADI,Analog Devices,Semiconductors,218.05,66.68196,0.0165,3.27,179.63,244.14,108217556992,4361349120,11.155948,3.0764565,http://www.sec.gov/cgi-bin/browse-edgar?action=getcompany&CIK=ADI
ANSS,Ansys,Application Software,351.1,54.015385,,6.5,275.81,364.31,30703695872,836108992,12.442016,5.2660003,http://www.sec.gov/cgi-bin/browse-edgar?action=getcompany&CIK=ANSS
AON,Aon,Insurance Brokers,391.54,33.550987,0.0069,11.67,268.06,395.33,85059715072,4295000064,5.6987615,13.575812,http://www.sec.gov/cgi-bin/browse-edgar?action=getcompany&CIK=AON
APA,APA Corporation,Oil & Gas Exploration & Production,22.65,3.2173295,0.0442,7.04,21.15,37.82,8379299840,5047000064,0.9357119,1.6383363,http://www.sec.gov/cgi-bin/browse-edgar?action=getcompany&CIK=APA
AAPL,Apple Inc.,"Technology Hardware, Storage & Peripherals",237.33,39.034542,0.0042,6.08,164.08,237.81,3587432775680,134660997120,9.174199,63.00239,http://www.sec.gov/cgi-bin/browse-edgar?action=getcompany&CIK=AAPL
AMAT,Applied Materials,Semiconductor Materials & Equipment,174.71,20.291523,0.0086,8.61,144.57,255.89,144031629312,8204000256,5.3635073,7.644948,http://www.sec.gov/cgi-bin/browse-edgar?action=getcompany&CIK=AMAT
APTV,Aptiv,Automotive Parts & Equipment,55.53,6.183742,,8.98,51.47,91.66,13051548672,3032999936,0.66167545,1.4691641,http://www.sec.gov/cgi-bin/browse-edgar?action=getcompany&CIK=APTV
ACGL,Arch Capital Group,Property & Casualty Insurance,100.72,6.759732,,14.9,72.85,116.47,37902647296,5171999744,2.247148,1.7597932,http://www.sec.gov/cgi-bin/browse-edgar?action=getcompany&CIK=ACGL
ADM,Archer Daniels Midland,Agricultural Products & Services,54.6,15.337078,0.0379,3.56,48.92,77.35,26127955968,3988000000,0.2943398,1.1606896,http://www.sec.gov/cgi-bin/browse-edgar?action=getcompany&CIK=ADM
ANET,Arista Networks,Communications Equipment,405.82,48.776443,,8.32,210.69,431.97,127808954368,2833341952,19.326494,13.819384,http://www.sec.gov/cgi-bin/browse-edgar?action=getcompany&CIK=ANET
AJG,Arthur J. Gallagher & Co.,Insurance Brokers,312.24,59.474285,0.0077,5.25,218.63,316.72,69160534016,3382200064,6.483172,5.6226025,http://www.sec.gov/cgi-bin/browse-edgar?action=getcompany&CIK=AJG
AIZ,Assurant,Multi-line Insurance,227.1,16.233025,0.014099999,13.99,160.12,230.55,11647369216,1241900032,0.9907764,2.2201366,http://www.sec.gov/cgi-bin/browse-edgar?action=getcompany&CIK=AIZ
T,AT&T,Integrated Telecommunication Services,23.16,18.829268,0.0479,1.23,15.94,23.38,166969016320,42773000192,1.3679258,1.6234404,http://www.sec.gov/cgi-bin/browse-edgar?action=getcompany&CIK=T
ATO,Atmos Energy,Gas Utilities,151.32,22.187683,0.023699999,6.82,110.46,152.65,23532077056,1991972992,5.7467003,1.9280118,http://www.sec.gov/cgi-bin/browse-edgar?action=getcompany&CIK=ATO
ADSK,Autodesk,Application Software,291.9,58.147408,,5.02,195.32,326.62,62907072512,1396000000,10.836704,33.675587,http://www.sec.gov/cgi-bin/browse-edgar?action=getcompany&CIK=ADSK
ADP,Automatic Data Processing,Human Resource & Employment Services,306.93,32.791668,0.0201,9.36,227.12,309.63,125060767744,5733100032,6.40585,23.395836,http://www.sec.gov/cgi-bin/browse-edgar?action=getcompany&CIK=ADP
AZO,AutoZone,Automotive Retail,3169.54,21.186764,,149.6,2510.0,3256.37,53578854400,4338463232,2.8976786,,http://www.sec.gov/cgi-bin/browse-edgar?action=getcompany&CIK=AZO
AVB,AvalonBay Communities,Multi-Family Residential REITs,235.35,32.151638,0.028900001,7.32,169.37,239.29,33825443840,1808050944,11.560259,2.812937,http://www.sec.gov/cgi-bin/browse-edgar?action=getcompany&CIK=AVB
AVY,Avery Dennison,Paper & Plastic Packaging Products & Materials,205.95,24.753607,0.0171,8.32,190.04,233.48,16547341312,1416300032,1.9062659,6.920363,http://www.sec.gov/cgi-bin/browse-edgar?action=getcompany&CIK=AVY
AXON,Axon Enterprise,Aerospace & Defense,646.96,166.74226,,3.88,229.02,652.23,49333805056,183220000,25.423912,23.44143,http://www.sec.gov/cgi-bin/browse-edgar?action=getcompany&CIK=AXON
BKR,Baker Hughes,Oil & Gas Equipment & Services,43.95,19.70852,0.0191,2.23,28.32,45.17,43489669120,4336999936,1.5930282,2.6851172,http://www.sec.gov/cgi-bin/browse-edgar?action=getcompany&CIK=BKR
BALL,Ball Corporation,"Metal, Glass & Plastic Containers",62.16,25.9,0.0128999995,2.4,54.06,71.32,18681440256,2092999936,1.3552006,2.790823,http://www.sec.gov/cgi-bin/browse-edgar?action=getcompany&CIK=BALL
BAC,Bank of America,Diversified Banks,47.51,17.213768,0.0219,2.76,30.33,48.08,366533443584,,3.8734963,1.3431908,http://www.sec.gov/cgi-bin/browse-edgar?action=getcompany&CIK=BAC
BAX,Baxter International,Health Care Equipment,33.71,134.84,0.0202,0.25,31.6,44.01,17211920384,2744000000,1.1427381,2.18598,http://www.sec.gov/cgi-bin/browse-edgar?action=getcompany&CIK=BAX
BDX,Becton Dickinson,Health Care Equipment,221.9,37.866894,0.0175,5.86,218.75,249.89,64179245056,5109000192,3.2367985,2.480161,http://www.sec.gov/cgi-bin/browse-edgar?action=getcompany&CIK=BDX
BRK.B,Berkshire Hathaway,Multi-Sector Holdings,,,,,,,,,,,http://www.sec.gov/cgi-bin/browse-edgar?action=getcompany&CIK=BRK.B
BBY,Best Buy,Computer & Electronics Retail,90.0,15.410958,0.0404,5.84,69.29,103.71,19325249536,2673999872,0.45431623,6.349654,http://www.sec.gov/cgi-bin/browse-edgar?action=getcompany&CIK=BBY
TECH,Bio-Techne,Life Sciences Tools & Services,75.36,79.32632,0.0042,0.95,61.16,85.57,11977266176,308515008,10.223148,5.5983953,http://www.sec.gov/cgi-bin/browse-edgar?action=getcompany&CIK=TECH
BIIB,Biogen,Biotechnology,160.63,14.510389,,11.07,153.62,268.3,23406845952,2884999936,2.4363098,1.4306455,http://www.sec.gov/cgi-bin/browse-edgar?action=getcompany&CIK=BIIB
BLK,BlackRock,Asset Management & Custody Banks,1022.8,25.379652,0.0199,40.3,742.22,1068.34,151505321984,7673999872,7.825284,3.6749463,http://www.sec.gov/cgi-bin/browse-edgar?action=getcompany&CIK=BLK
BX,Blackstone Inc.,Asset Management & Custody Banks,191.09,65.8931,0.018099999,2.9,111.05,200.96,229260230656,,20.583097,20.939074,http://www.sec.gov/cgi-bin/browse-edgar?action=getcompany&CIK=BX
BK,BNY Mellon,Asset Management & Custody Banks,81.87,18.315437,0.023,4.47,47.48,82.72,59525877760,,3.3439624,1.581082,http://www.sec.gov/cgi-bin/browse-edgar?action=getcompany&CIK=BK
BA,Boeing,Aerospace & Defense,155.44,,,-12.93,137.03,267.54,116296482816,-3991000064,1.5867339,,http://www.sec.gov/cgi-bin/browse-edgar?action=getcompany&CIK=BA
BKNG,Booking Holdings,"Hotels, Resorts & Cruise Lines",5201.98,35.21037,0.0067000003,147.74,3104.48,5237.0,172869074944,7183000064,7.4990926,,http://www.sec.gov/cgi-bin/browse-edgar?action=getcompany&CIK=BKNG
BWA,BorgWarner,Automotive Parts & Equipment,34.32,8.495049,0.0128,4.04,29.51,38.23,7505783808,1882000000,0.52973276,1.2192695,http://www.sec.gov/cgi-bin/browse-edgar?action=getcompany&CIK=BWA
BSX,Boston Scientific,Health Care Equipment,90.66,74.92562,,1.21,53.93,91.93,133749792768,4063000064,8.406121,6.450833,http://www.sec.gov/cgi-bin/browse-edgar?action=getcompany&CIK=BSX
BMY,Bristol Myers Squibb,Pharmaceuticals,59.22,,0.0405,-3.58,39.35,61.08,120210087936,19161999360,2.5342064,7.005797,http://www.sec.gov/cgi-bin/browse-edgar?action=getcompany&CIK=BMY
AVGO,Broadcom,Semiconductors,162.08,131.77235,0.013099999,1.23,90.31,186.42,757007646720,22958000128,16.170195,2.736867,http://www.sec.gov/cgi-bin/browse-edgar?action=getcompany&CIK=AVGO
BR,Broadridge Financial Solutions,Data Processing & Outsourced Services,236.02,40.833908,0.0149,5.78,188.3,237.74,27588143104,1545799936,4.245244,12.5050335,http://www.sec.gov/cgi-bin/browse-edgar?action=getcompany&CIK=BR
BRO,Brown & Brown,Insurance Brokers,113.1,30.901638,0.0053,3.66,69.13,114.15,32370464768,1528300032,7.1008105,5.0042033,http://www.sec.gov/cgi-bin/browse-edgar?action=getcompany&CIK=BRO
BF.B,Brown–Forman,Distillers & Vintners,,,,,,,,,,,http://www.sec.gov/cgi-bin/browse-edgar?action=getcompany&CIK=BF.B
BLDR,Builders FirstSource,Building Products,186.47,18.20996,,10.24,130.75,214.7,21459900416,2349128960,1.2826394,4.845894,http://www.sec.gov/cgi-bin/browse-edgar?action=getcompany&CIK=BLDR
BG,Bunge Global,Agricultural Products & Services,89.74,11.373891,0.030299999,7.89,82.18,114.92,12530127872,2486000128,0.22990218,1.2363095,http://www.sec.gov/cgi-bin/browse-edgar?action=getcompany&CIK=BG
BXP,"BXP, Inc.",Office REITs,81.99,35.647827,0.0478,2.3,56.46,90.11,14614306816,1870726016,4.3703003,2.249074,http://www.sec.gov/cgi-bin/browse-edgar?action=getcompany&CIK=BXP
CHRW,C.H. Robinson,Air Freight & Logistics,105.58,36.53287,0.0235,2.89,65.0,113.1,12480083968,673996992,0.7026209,7.6016994,http://www.sec.gov/cgi-bin/browse-edgar?action=getcompany&CIK=CHRW
CDNS,Cadence Design Systems,Application Software,306.81,80.73947,,3.8,241.29,328.99,84146634752,1450493056,19.326698,18.439209,http://www.sec.gov/cgi-bin/browse-edgar?action=getcompany&CIK=CDNS
CZR,Caesars Entertainment,Casinos & Gaming,38.49,,,-1.68,31.74,50.506,8178355712,3668000000,0.7256105,1.953014,http://www.sec.gov/cgi-bin/browse-edgar?action=getcompany&CIK=CZR
CPT,Camden Property Trust,Multi-Family Residential REITs,125.8,39.684544,0.0328,3.17,90.5,127.69,13551679488,893276992,8.706234,3.071139,http://www.sec.gov/cgi-bin/browse-edgar?action=getcompany&CIK=CPT
CPB,Campbell Soup Company,Packaged Foods & Meats,46.2,24.444445,0.032,1.89,40.18,52.81,13749859328,1783000064,1.4269261,3.628652,http://www.sec.gov/cgi-bin/browse-edgar?action=getcompany&CIK=CPB
COF,Capital One,Consumer Finance,192.01,18.11415,0.0125,10.6,112.64,198.3,73253732352,,2.7646048,1.261257,http://www.sec.gov/cgi-bin/browse-edgar?action=getcompany&CIK=COF
CAH,Cardinal Health,Health Care Distributors,122.24,23.507692,0.0165,5.2,93.17,126.14,29677795328,2924000000,0.13222218,,http://www.sec.gov/cgi-bin/browse-edgar?action=getcompany&CIK=CAH
KMX,CarMax,Automotive Retail,83.97,31.567669,,2.66,64.72,88.22,13105030144,926968000,0.4734636,2.1107006,http://www.sec.gov/cgi-bin/browse-edgar?action=getcompany&CIK=KMX
CCL,Carnival,"Hotels, Resorts & Cruise Lines",25.43,21.735044,,1.17,13.78,25.8,33733912576,5878000128,1.3780756,3.7479737,http://www.sec.gov/cgi-bin/browse-edgar?action=getcompany&CIK=CCL
CARR,Carrier Global,Building Products,77.37,45.511765,0.0098,1.7,52.28,83.32,69418459136,3318000128,2.7990186,4.727484,http://www.sec.gov/cgi-bin/browse-edgar?action=getcompany&CIK=CARR
CTLT,Catalent,Pharmaceuticals,61.11,,,-2.28,36.739,61.5,11092198400,462000000,2.5084121,3.1312768,http://www.sec.gov/cgi-bin/browse-edgar?action=getcompany&CIK=CTLT
CAT,Caterpillar Inc.,Construction Machinery & Heavy Transportation Equipment,406.11,18.87128,0.0139,21.52,252.42,418.5,196070703104,15818999808,2.9859695,10.1082735,http://www.sec.gov/cgi-bin/browse-edgar?action=getcompany&CIK=CAT
CBOE,Cboe Global Markets,Financial Exchanges & Data,215.85,29.407356,0.0117,7.34,166.13,221.66,22804768768,1290400000,5.765186,5.369003,http://www.sec.gov/cgi-bin/browse-edgar?action=getcompany&CIK=CBOE
CBRE,CBRE Group,Real Estate Services,139.99,45.30421,,3.09,80.59,142.0,43059806208,2213600000,1.2549123,4.8444476,http://www.sec.gov/cgi-bin/browse-edgar?action=getcompany&CIK=CBRE
CDW,CDW,Technology Distributors,175.93,21.507334,0.014199999,8.18,172.95,263.37,23554387968,1996300032,1.1307265,9.975053,http://www.sec.gov/cgi-bin/browse-edgar?action=getcompany&CIK=CDW
CE,Celanese,Specialty Chemicals,73.21,7.2918324,0.0382,10.04,71.38,172.16,8002731520,1851000064,0.7636923,1.0997281,http://www.sec.gov/cgi-bin/browse-edgar?action=getcompany&CIK=CE
COR,Cencora,Health Care Distributors,251.55,33.450798,0.0087,7.52,195.83,253.27,48619585536,4303009792,0.16539602,62.76198,http://www.sec.gov/cgi-bin/browse-edgar?action=getcompany&CIK=COR
CNC,Centene Corporation,Managed Health Care,60.0,10.362695,,5.79,57.2,81.42,30291900416,5919000064,0.20718928,1.1207621,http://www.sec.gov/cgi-bin/browse-edgar?action=getcompany&CIK=CNC
CNP,CenterPoint Energy,Multi-Utilities,32.62,21.746666,0.025799999,1.5,25.41,32.86,21285398528,3081999872,2.485741,2.0179398,http://www.sec.gov/cgi-bin/browse-edgar?action=getcompany&CIK=CNP
CF,CF Industries,Fertilizers & Agricultural Chemicals,89.66,14.209192,0.0223,6.31,69.13,91.06,15602633728,2651000064,2.6078277,3.00923,http://www.sec.gov/cgi-bin/browse-edgar?action=getcompany&CIK=CF
CRL,Charles River Laboratories,Life Sciences Tools & Services,199.06,24.8825,,8.0,176.48,275.0,10206264320,948771008,2.5132911,2.6911635,http://www.sec.gov/cgi-bin/browse-edgar?action=getcompany&CIK=CRL
SCHW,Charles Schwab Corporation,Investment Banking & Brokerage,82.76,32.328125,0.0121,2.56,59.67,83.35,151204184064,,8.070249,3.9821007,http://www.sec.gov/cgi-bin/browse-edgar?action=getcompany&CIK=SCHW
CHTR,Charter Communications,Cable & Satellite,396.965,12.436247,,31.92,236.08,415.27,56442068992,21500000256,1.0286508,4.0036006,http://www.sec.gov/cgi-bin/browse-edgar?action=getcompany&CIK=CHTR
CVX,Chevron Corporation,Integrated Oil & Gas,161.93,17.794504,0.0403,9.1,135.37,167.11,289030471680,38942998528,1.5078094,1.8629988,http://www.sec.gov/cgi-bin/browse-edgar?action=getcompany&CIK=CVX
CMG,Chipotle Mexican Grill,Restaurants,61.52,56.96296,,1.08,44.0818,69.2614,84548780032,2233638912,7.6968446,23.215094,http://www.sec.gov/cgi-bin/browse-edgar?action=getcompany&CIK=CMG
CB,Chubb Limited,Property & Casualty Insurance,288.73,11.833198,0.0126,24.4,216.91,302.05,117035548672,11363000320,2.1397069,1.7696669,http://www.sec.gov/cgi-bin/browse-edgar?action=getcompany&CIK=CB
CHD,Church & Dwight,Household Products,110.13,49.608105,0.010299999,2.22,90.26,113.5,27037904896,1330099968,4.4667864,6.4320755,http://www.sec.gov/cgi-bin/browse-edgar?action=getcompany&CIK=CHD
CI,Cigna,Health Care Services,337.8,32.049335,0.0166,10.54,253.95,370.83,93960077312,8554999808,0.40897194,2.2429087,http://www.sec.gov/cgi-bin/browse-edgar?action=getcompany&CIK=CI
CINF,Cincinnati Financial,Property & Casualty Insurance,159.83,8.20904,0.020299999,19.47,100.31,161.75,25035452416,4062000128,2.0596836,1.8097309,http://www.sec.gov/cgi-bin/browse-edgar?action=getcompany&CIK=CINF
CTAS,Cintas,Diversified Support Services,225.79,57.16202,0.0069,3.95,136.87,228.12,91060879360,2450383872,9.333956,22.642397,http://www.sec.gov/cgi-bin/browse-edgar?action=getcompany&CIK=CTAS
CSCO,Cisco,Communications Equipment,59.21,25.412018,0.027,2.33,44.5,59.87,236137775104,13752000512,4.457448,5.2176595,http://www.sec.gov/cgi-bin/browse-edgar?action=getcompany&CIK=CSCO
C,Citigroup,Diversified Banks,70.87,20.190884,0.0308,3.51,46.41,71.19,134033604608,,1.9338837,0.695438,http://www.sec.gov/cgi-bin/browse-edgar?action=getcompany&CIK=C
CFG,Citizens Financial Group,Regional Banks,48.14,18.878431,0.0349,2.55,27.97,49.25,21224155136,,2.9830155,0.9392071,http://www.sec.gov/cgi-bin/browse-edgar?action=getcompany&CIK=CFG
CLX,Clorox,Household Products,167.17,58.045135,0.0292,2.88,127.6,171.35,20692469760,1371000064,2.770447,344.6804,http://www.sec.gov/cgi-bin/browse-edgar?action=getcompany&CIK=CLX
CME,CME Group,Financial Exchanges & Data,238.0,24.999998,0.019299999,9.52,190.7,238.97,85765447680,4209900032,14.212754,3.0328517,http://www.sec.gov/cgi-bin/browse-edgar?action=getcompany&CIK=CME
CMS,CMS Energy,Multi-Utilities,69.71,19.8604,0.0296,3.51,55.1,72.4,21061343232,2739000064,2.8171942,2.6409304,http://www.sec.gov/cgi-bin/browse-edgar?action=getcompany&CIK=CMS
KO,Coca-Cola Company (The),Soft Drinks & Non-alcoholic Beverages,64.08,26.58921,0.030299999,2.41,57.47,73.53,277551644672,14830999552,5.986103,10.414433,http://www.sec.gov/cgi-bin/browse-edgar?action=getcompany&CIK=KO
CTSH,Cognizant,IT Consulting & Other Services,80.49,17.807522,0.0149,4.52,63.79,82.41,40037818368,3470000128,2.062529,2.762467,http://www.sec.gov/cgi-bin/browse-edgar?action=getcompany&CIK=CTSH
CL,Colgate-Palmolive,Household Products,96.63,27.76724,0.0207,3.48,75.5,109.3,79053971456,4894000128,3.9318597,181.63533,http://www.sec.gov/cgi-bin/browse-edgar?action=getcompany&CIK=CL
CMCSA,Comcast,Cable & Satellite,43.19,11.641509,0.0287,3.71,36.43,47.11,164860542976,37285998592,1.3395673,1.9307107,http://www.sec.gov/cgi-bin/browse-edgar?action=getcompany&CIK=CMCSA
CAG,Conagra Brands,Packaged Foods & Meats,27.55,27.009804,0.0508,1.02,26.21,33.24,13148870656,2239500032,1.1010795,1.5121576,http://www.sec.gov/cgi-bin/browse-edgar?action=getcompany&CIK=CAG
COP,ConocoPhillips,Oil & Gas Exploration & Production,108.34,12.851719,0.028800001,8.43,101.3,135.18,140144295936,24445999104,2.4619544,2.4997692,http://www.sec.gov/cgi-bin/browse-edgar?action=getcompany&CIK=COP
ED,Consolidated Edison,Multi-Utilities,100.59,18.907894,0.033,5.32,85.85,107.75,35188596736,5555999744,2.3410683,1.5893756,http://www.sec.gov/cgi-bin/browse-edgar?action=getcompany&CIK=ED
STZ,Constellation Brands,Distillers & Vintners,240.95,76.98083,0.0168,3.13,224.76,274.87,43741097984,3887300096,4.2922144,5.556068,http://www.sec.gov/cgi-bin/browse-edgar?action=getcompany&CIK=STZ
CEG,Constellation Energy,Electric Utilities,256.56,28.255507,0.0055,9.08,109.44,288.753,80243499008,5997000192,3.3459885,6.3884463,http://www.sec.gov/cgi-bin/browse-edgar?action=getcompany&CIK=CEG
COO,Cooper Companies (The),Health Care Supplies,104.46,58.033333,0.0002,1.8,82.5525,112.38,20803835904,1023000000,5.468793,2.6243594,http://www.sec.gov/cgi-bin/browse-edgar?action=getcompany&CIK=COO
CPRT,Copart,Diversified Support Services,63.39,44.328674,,1.43,46.21,64.38,61193662464,1754322944,14.44329,8.1134,http://www.sec.gov/cgi-bin/browse-edgar?action=getcompany&CIK=CPRT
GLW,Corning Inc.,Electronic Components,48.67,256.1579,0.023,0.19,28.3,51.03,41671692288,2607000064,3.3043923,3.5681815,http://www.sec.gov/cgi-bin/browse-edgar?action=getcompany&CIK=GLW
CPAY,Corpay,Transaction & Payment Processing Services,381.18,27.168924,,14.03,247.1,385.3,26572437504,2066438016,6.853021,8.602767,http://www.sec.gov/cgi-bin/browse-edgar?action=getcompany&CIK=CPAY
CTVA,Corteva,Fertilizers & Agricultural Chemicals,62.24,64.833336,0.0109,0.96,43.89,64.2,42955804672,3014000128,2.5819442,1.7339945,http://www.sec.gov/cgi-bin/browse-edgar?action=getcompany&CIK=CTVA
CSGP,CoStar Group,Real Estate Services,81.34,193.66666,,0.42,68.26,100.38,33604399104,170300000,12.600547,4.4465094,http://www.sec.gov/cgi-bin/browse-edgar?action=getcompany&CIK=CSGP
COST,Costco,Consumer Staples Merchandise Retail,971.88,58.830505,0.0047999998,16.52,591.46,976.3,430614740992,11521999872,1.6923153,18.231411,http://www.sec.gov/cgi-bin/browse-edgar?action=getcompany&CIK=COST
CTRA,Coterra,Oil & Gas Exploration & Production,26.72,16.19394,0.031400003,1.65,22.3,28.9,19682297856,3448999936,3.5792506,1.5088373,http://www.sec.gov/cgi-bin/browse-edgar?action=getcompany&CIK=CTRA
CRWD,CrowdStrike,Systems Software,345.97,665.32697,,0.52,200.81,398.327,85615460352,187490000,24.348465,36.318497,http://www.sec.gov/cgi-bin/browse-edgar?action=getcompany&CIK=CRWD
CCI,Crown Castle,Telecom Tower REITs,106.25,37.677307,0.0589,2.82,92.48,120.92,46371643392,3993999872,7.0334663,8.726899,http://www.sec.gov/cgi-bin/browse-edgar?action=getcompany&CIK=CCI
CSX,CSX Corporation,Rail Transportation,36.55,19.441488,0.013099999,1.88,31.74,40.12,70541500416,7191000064,4.804952,5.4511557,http://www.sec.gov/cgi-bin/browse-edgar?action=getcompany&CIK=CSX
CMI,Cummins,Construction Machinery & Heavy Transportation Equipment,375.04,24.576672,0.0194,15.26,224.6,379.66,51448737792,4582000128,1.5044371,4.987765,http://www.sec.gov/cgi-bin/browse-edgar?action=getcompany&CIK=CMI
CVS,CVS Health,Health Care Services,59.85,15.190354,0.0444,3.94,52.71,83.25,75454087168,14115000320,0.20545925,1.0046328,http://www.sec.gov/cgi-bin/browse-edgar?action=getcompany&CIK=CVS
DHI,D. R. Horton,Homebuilding,168.78,11.761672,0.0095,14.35,129.35,199.85,54415687680,6202899968,1.4786309,2.1605499,http://www.sec.gov/cgi-bin/browse-edgar?action=getcompany&CIK=DHI
DHR,Danaher Corporation,Life Sciences Tools & Services,239.69,45.224525,0.0045,5.3,215.68,281.7,173122093056,7511000064,7.2918077,3.374395,http://www.sec.gov/cgi-bin/browse-edgar?action=getcompany&CIK=DHR
DRI,Darden Restaurants,Restaurants,176.27,20.331026,0.0318,8.67,135.87,177.67,20711725056,1789500032,1.8142081,9.702758,http://www.sec.gov/cgi-bin/browse-edgar?action=getcompany&CIK=DRI
DVA,DaVita,Health Care Services,166.17,17.925566,,9.27,103.4,169.52,13629927424,2657765120,1.0760514,35.506413,http://www.sec.gov/cgi-bin/browse-edgar?action=getcompany&CIK=DVA
DAY,Dayforce,Human Resource & Employment Services,79.99,235.2647,,0.34,47.08,82.69,12614422528,252100000,7.444333,4.938264,http://www.sec.gov/cgi-bin/browse-edgar?action=getcompany&CIK=DAY
DECK,Deckers Brands,Footwear,195.96,34.62191,,5.66,108.64833,198.08,29770635264,1145432064,6.3930316,13.398058,http://www.sec.gov/cgi-bin/browse-edgar?action=getcompany&CIK=DECK
DE,Deere & Company,Agricultural & Farm Machinery,465.9,18.18501,0.0145000005,25.62,340.2,469.39,127497732096,14364000256,2.2785761,5.5272803,http://www.sec.gov/cgi-bin/browse-edgar?action=getcompany&CIK=DE
DELL,Dell Technologies,"Technology Hardware, Storage & Peripherals",127.59,22.5823,0.0126,5.65,67.51,179.7,87314300928,8725999616,0.9507323,,http://www.sec.gov/cgi-bin/browse-edgar?action=getcompany&CIK=DELL
DAL,Delta Air Lines,Passenger Airlines,63.82,8.851595,0.0094,7.21,36.34,66.25,41181835264,8415000064,0.6828699,2.9983556,http://www.sec.gov/cgi-bin/browse-edgar?action=getcompany&CIK=DAL
DVN,Devon Energy,Oil & Gas Exploration & Production,37.95,7.0277777,0.0382,5.4,37.28,55.09,24929353728,7622000128,1.715834,1.7490091,http://www.sec.gov/cgi-bin/browse-edgar?action=getcompany&CIK=DVN
DXCM,Dexcom,Health Care Equipment,77.99,47.266666,,1.65,62.34,142.0,30505474048,840400000,7.715092,15.39175,http://www.sec.gov/cgi-bin/browse-edgar?action=getcompany&CIK=DXCM
FANG,Diamondback Energy,Oil & Gas Exploration & Production,177.59,10.247547,0.0467,17.33,145.7,214.5,51854323712,6817999872,5.662807,1.3889844,http://www.sec.gov/cgi-bin/browse-edgar?action=getcompany&CIK=FANG
DLR,Digital Realty,Data Center REITs,195.69,159.09756,0.0249,1.23,130.0,198.0,66026000384,2337596928,12.284241,3.1607766,http://www.sec.gov/cgi-bin/browse-edgar?action=getcompany&CIK=DLR
DFS,Discover Financial,Consumer Finance,182.43,14.688405,0.0153,12.42,93.83,188.26,45835534336,,3.9222605,2.6529484,http://www.sec.gov/cgi-bin/browse-edgar?action=getcompany&CIK=DFS
DG,Dollar General,Consumer Staples Merchandise Retail,77.27,12.017107,0.0305,6.43,72.12,168.07,16992831488,3025478912,0.4282794,2.340522,http://www.sec.gov/cgi-bin/browse-edgar?action=getcompany&CIK=DG
DLTR,Dollar Tree,Consumer Staples Merchandise Retail,71.27,,,-4.81,60.49,151.22,15371940864,2604699904,0.4964087,2.0762687,http://www.sec.gov/cgi-bin/browse-edgar?action=getcompany&CIK=DLTR
D,Dominion Energy,Multi-Utilities,58.75,21.678967,0.0454,2.71,43.53,61.97,50148589568,7032000000,3.4364824,1.8848251,http://www.sec.gov/cgi-bin/browse-edgar?action=getcompany&CIK=D
DPZ,Domino's,Restaurants,476.19,29.232042,0.0127,16.29,390.48,542.75,16443793408,921121024,3.5245707,,http://www.sec.gov/cgi-bin/browse-edgar?action=getcompany&CIK=DPZ
DOV,Dover Corporation,Industrial Machinery & Supplies & Components,205.9,18.68421,0.01,11.02,141.18,208.26,28331427840,1765938048,3.3431334,4.9575033,http://www.sec.gov/cgi-bin/browse-edgar?action=getcompany&CIK=DOV
DOW,Dow Inc.,Commodity Chemicals,44.21,29.473333,0.0633,1.5,43.33,60.69,31252092928,4851999744,0.72376317,1.6903077,http://www.sec.gov/cgi-bin/browse-edgar?action=getcompany&CIK=DOW
DTE,DTE Energy,Multi-Utilities,125.78,17.04336,0.0324,7.38,102.17,131.67,26111299584,3448000000,2.103206,2.247155,http://www.sec.gov/cgi-bin/browse-edgar?action=getcompany&CIK=DTE
DUK,Duke Energy,Electric Utilities,117.05,21.014362,0.0357,5.57,90.09,121.25,90704863232,14106000384,3.0488005,1.8763125,http://www.sec.gov/cgi-bin/browse-edgar?action=getcompany&CIK=DUK
DD,DuPont,Specialty Chemicals,83.59,65.30469,0.0182,1.28,61.14,90.06,35066421248,2977999872,2.8761828,1.4427491,http://www.sec.gov/cgi-bin/browse-edgar?action=getcompany&CIK=DD
EMN,Eastman Chemical Company,Specialty Chemicals,104.72,14.037534,0.0309,7.46,80.71,114.5,12138409984,1684000000,1.2990593,2.1459017,http://www.sec.gov/cgi-bin/browse-edgar?action=getcompany&CIK=EMN
ETN,Eaton Corporation,Electrical Components & Equipment,375.42,39.98083,0.01,9.39,224.61,379.99,148365983744,5449999872,6.029912,7.760941,http://www.sec.gov/cgi-bin/browse-edgar?action=getcompany&CIK=ETN
EBAY,eBay,Broadline Retail,63.29,15.942065,0.0171,3.97,40.16,67.8,30804508672,2619000064,3.000634,5.628279,http://www.sec.gov/cgi-bin/browse-edgar?action=getcompany&CIK=EBAY
ECL,Ecolab,Specialty Chemicals,248.77,34.84174,0.0092,7.14,188.8,262.61,70442205184,3538599936,4.4940352,10.604911,http://www.sec.gov/cgi-bin/browse-edgar?action=getcompany&CIK=ECL
EIX,Edison International,Electric Utilities,87.75,25.657894,0.0356,3.42,63.15,88.77,34208634880,6444000256,1.9749802,2.4234974,http://www.sec.gov/cgi-bin/browse-edgar?action=getcompany&CIK=EIX
EW,Edwards Lifesciences,Health Care Equipment,71.35,27.548264,,2.59,58.93,96.12,42506903552,2052400000,6.731208,4.408675,http://www.sec.gov/cgi-bin/browse-edgar?action=getcompany&CIK=EW
EA,Electronic Arts,Interactive Home Entertainment,163.67,41.966663,0.0046,3.9,124.92,168.5,42926219264,1890000000,5.793794,5.814003,http://www.sec.gov/cgi-bin/browse-edgar?action=getcompany&CIK=EA
ELV,Elevance Health,Managed Health Care,406.96,14.814707,0.016,27.47,391.02,567.26,94383382528,11347999744,0.5423865,2.1561594,http://www.sec.gov/cgi-bin/browse-edgar?action=getcompany&CIK=ELV
EMR,Emerson Electric,Electrical Components & Equipment,132.6,47.02128,0.0159,2.82,87.59,134.17,75608522752,4614000128,4.322463,3.4945316,http://www.sec.gov/cgi-bin/browse-edgar?action=getcompany&CIK=EMR
ENPH,Enphase Energy,Semiconductor Materials & Equipment,71.35,155.10869,,0.46,58.33,141.63,9639884800,102900000,7.7104273,10.348078,http://www.sec.gov/cgi-bin/browse-edgar?action=getcompany&CIK=ENPH
ETR,Entergy,Electric Utilities,156.17,18.9757,0.0307,8.23,96.15,158.07,33533446144,4596974080,2.8269274,2.2274044,http://www.sec.gov/cgi-bin/browse-edgar?action=getcompany&CIK=ETR
EOG,EOG Resources,Oil & Gas Exploration & Production,133.26,10.755447,0.0293,12.39,108.94,139.67,74952081408,13168000000,3.1408012,2.544635,http://www.sec.gov/cgi-bin/browse-edgar?action=getcompany&CIK=EOG
EPAM,EPAM Systems,IT Consulting & Other Services,243.92,31.636835,,7.71,169.43,317.5,13941564416,659422016,3.0066912,3.891947,http://www.sec.gov/cgi-bin/browse-edgar?action=getcompany&CIK=EPAM
EQT,EQT Corporation,Oil & Gas Exploration & Production,45.44,60.586666,0.0139,0.75,30.02,48.02,27113322496,2601137920,5.864815,1.332434,http://www.sec.gov/cgi-bin/browse-edgar?action=getcompany&CIK=EQT
EFX,Equifax,Research & Consulting Services,261.56,58.124443,0.006,4.5,213.02,309.63,32420884480,1697699968,5.8016686,6.60155,http://www.sec.gov/cgi-bin/browse-edgar?action=getcompany&CIK=EFX
EQIX,Equinix,Data Center REITs,981.48,88.50135,0.0174,11.09,684.14,994.03,94701240320,3352907008,11.271956,6.9694514,http://www.sec.gov/cgi-bin/browse-edgar?action=getcompany&CIK=EQIX
EQR,Equity Residential,Multi-Family Residential REITs,76.66,32.345993,0.0352,2.37,57.33,78.83,30301935616,1796182016,10.303876,2.68361,http://www.sec.gov/cgi-bin/browse-edgar?action=getcompany&CIK=EQR
ERIE,Erie Indemnity,Insurance Brokers,440.56,41.135387,0.0116,10.71,295.59,547.0,22909251584,710918720,6.210671,11.826162,http://www.sec.gov/cgi-bin/browse-edgar?action=getcompany&CIK=ERIE
ESS,Essex Property Trust,Multi-Family Residential REITs,310.46,36.22637,0.031600002,8.57,218.59,317.73,20835123200,1109452032,11.889207,3.6719098,http://www.sec.gov/cgi-bin/browse-edgar?action=getcompany&CIK=ESS
EL,Estée Lauder Companies (The),Personal Care Products,72.12,128.78572,0.0194,0.56,62.29,159.75,26550040576,2438000128,1.718338,5.092501,http://www.sec.gov/cgi-bin/browse-edgar?action=getcompany&CIK=EL
EG,Everest Group,Reinsurance,387.56,6.046178,0.020599999,64.1,343.76,408.71,16718679040,,1.0171678,1.0867347,http://www.sec.gov/cgi-bin/browse-edgar?action=getcompany&CIK=EG
EVRG,Evergy,Electric Utilities,64.63,17.467567,0.041300002,3.7,48.04,65.47,14948465664,2564199936,2.5872245,1.4825774,http://www.sec.gov/cgi-bin/browse-edgar?action=getcompany&CIK=EVRG
ES,Eversource Energy,Electric Utilities,64.49,,0.044299997,-1.61,52.09,69.01,23665893376,4149131008,2.0360281,1.5598772,http://www.sec.gov/cgi-bin/browse-edgar?action=getcompany&CIK=ES
EXC,Exelon,Electric Utilities,39.56,16.279835,0.038399998,2.43,33.35,41.43,39751077888,7148000256,1.7340376,1.4931684,http://www.sec.gov/cgi-bin/browse-edgar?action=getcompany&CIK=EXC
EXPE,Expedia Group,"Hotels, Resorts & Cruise Lines",184.62,23.976624,,7.7,107.25,190.4,23733823488,1720000000,1.7719743,17.9924,http://www.sec.gov/cgi-bin/browse-edgar?action=getcompany&CIK=EXPE
EXPD,Expeditors International,Air Freight & Logistics,121.64,23.7115,0.012,5.13,111.2,131.59,17026680832,1006916992,1.7157805,7.224565,http://www.sec.gov/cgi-bin/browse-edgar?action=getcompany&CIK=EXPD
EXR,Extra Space Storage,Self-Storage REITs,170.96,45.71123,0.0379,3.74,131.02,184.87,37707108352,2260791040,11.387572,2.5866582,http://www.sec.gov/cgi-bin/browse-edgar?action=getcompany&CIK=EXR
XOM,ExxonMobil,Integrated Oil & Gas,117.96,14.689913,0.0336,8.03,95.77,126.34,518444810240,71537999872,1.5079048,1.9302264,http://www.sec.gov/cgi-bin/browse-edgar?action=getcompany&CIK=XOM
FFIV,"F5, Inc.",Communications Equipment,250.35,26.24214,,9.54,159.01,252.3,14674240512,782097984,5.2108006,4.6475577,http://www.sec.gov/cgi-bin/browse-edgar?action=getcompany&CIK=FFIV
FDS,FactSet,Financial Exchanges & Data,490.67,35.325413,0.0085,13.89,391.84,499.87,18639964160,831163008,8.460958,9.737255,http://www.sec.gov/cgi-bin/browse-edgar?action=getcompany&CIK=FDS
FICO,Fair Isaac,Application Software,2375.03,116.25208,,20.43,1099.74,2402.52,57826992128,747456000,33.668774,,http://www.sec.gov/cgi-bin/browse-edgar?action=getcompany&CIK=FICO
FAST,Fastenal,Trading Companies & Distributors,83.56,41.57214,0.0187,2.01,60.16,84.88,47956336640,1693200000,6.4111896,13.307852,http://www.sec.gov/cgi-bin/browse-edgar?action=getcompany&CIK=FAST
FRT,Federal Realty Investment Trust,Retail REITs,116.65,33.909885,0.0377,3.44,95.98,118.34,10059698176,739025984,8.489054,3.3573177,http://www.sec.gov/cgi-bin/browse-edgar?action=getcompany&CIK=FRT
FDX,FedEx,Air Freight & Logistics,302.67,18.694874,0.0182,16.19,234.45,313.84,74125393920,10885000192,0.8462672,2.7211185,http://www.sec.gov/cgi-bin/browse-edgar?action=getcompany&CIK=FDX
FIS,Fidelity National Information Services,Transaction & Payment Processing Services,85.3,87.93815,0.016900001,0.97,57.13,91.98,46056202240,3571000064,4.5913873,2.7954383,http://www.sec.gov/cgi-bin/browse-edgar?action=getcompany&CIK=FIS
FITB,Fifth Third Bancorp,Regional Banks,48.06,16.02,0.0308,3.0,30.02,49.07,32293390336,,4.005133,1.741052,http://www.sec.gov/cgi-bin/browse-edgar?action=getcompany&CIK=FITB
FSLR,First Solar,Semiconductors,199.27,17.148882,,11.62,135.88,306.77,21333448704,1716966016,5.5399885,2.8093896,http://www.sec.gov/cgi-bin/browse-edgar?action=getcompany&CIK=FSLR
FE,FirstEnergy,Electric Utilities,42.55,27.451612,0.04,1.55,35.41,44.97,24562626560,3924000000,1.8528043,1.9732876,http://www.sec.gov/cgi-bin/browse-edgar?action=getcompany&CIK=FE
FI,Fiserv,Transaction & Payment Processing Services,220.96,42.73888,,5.17,129.6,223.23,125708337152,8766000128,6.2473083,4.538471,http://www.sec.gov/cgi-bin/browse-edgar?action=getcompany&CIK=FI
FMC,FMC Corporation,Fertilizers & Agricultural Chemicals,59.09,4.847416,0.039300002,12.19,50.03,68.72,7427730944,703299968,1.782128,1.6008779,http://www.sec.gov/cgi-bin/browse-edgar?action=getcompany&CIK=FMC
F,Ford Motor Company,Automobile Manufacturers,11.13,12.647727,0.0539,0.88,9.49,14.85,44114644992,9360000000,0.24140264,0.9982063,http://www.sec.gov/cgi-bin/browse-edgar?action=getcompany&CIK=F
FTNT,Fortinet,Systems Software,95.05,47.76382,,1.99,50.65,100.59,72851357696,1727900032,12.756769,80.14334,http://www.sec.gov/cgi-bin/browse-edgar?action=getcompany&CIK=FTNT
FTV,Fortive,Industrial Machinery & Supplies & Components,79.33,31.732,0.004,2.5,66.15,87.1,27547740160,1698499968,4.4466267,2.6073096,http://www.sec.gov/cgi-bin/browse-edgar?action=getcompany&CIK=FTV
FOXA,Fox Corporation (Class A),Broadcasting,47.12,11.5207815,0.0115,4.09,28.285,47.585,20780531712,3025999872,1.4494337,1.9131918,http://www.sec.gov/cgi-bin/browse-edgar?action=getcompany&CIK=FOXA
FOX,Fox Corporation (Class B),Broadcasting,44.73,10.93643,0.0121,4.09,25.815,44.89,20780527616,3025999872,1.4494334,1.8161517,http://www.sec.gov/cgi-bin/browse-edgar?action=getcompany&CIK=FOX
BEN,Franklin Resources,Asset Management & Custody Banks,22.76,26.77647,0.0545,0.85,18.95,30.32,11918684160,1688400000,1.4058367,0.9527398,http://www.sec.gov/cgi-bin/browse-edgar?action=getcompany&CIK=BEN
FCX,Freeport-McMoRan,Copper,44.2,32.028988,0.0136,1.38,36.04,55.24,63512309760,9900000256,2.4770792,3.619391,http://www.sec.gov/cgi-bin/browse-edgar?action=getcompany&CIK=FCX
GRMN,Garmin,Consumer Electronics,212.6,27.013979,0.014099999,7.87,119.15,216.44,40824512512,1596897024,6.8533807,5.4416547,http://www.sec.gov/cgi-bin/browse-edgar?action=getcompany&CIK=GRMN
IT,Gartner,IT Consulting & Other Services,517.93,38.30843,,13.52,411.15,559.0,40050442240,1298909952,6.524563,37.70328,http://www.sec.gov/cgi-bin/browse-edgar?action=getcompany&CIK=IT
GE,GE Aerospace,Aerospace & Defense,182.16,36.0,0.0061000003,5.06,94.309654,194.8,197149966336,8935000064,2.8183203,10.445554,http://www.sec.gov/cgi-bin/browse-edgar?action=getcompany&CIK=GE
GEHC,GE HealthCare,Health Care Equipment,83.22,22.8,0.0017,3.65,67.0,94.55,38020972544,3571000064,1.9439119,4.571272,http://www.sec.gov/cgi-bin/browse-edgar?action=getcompany&CIK=GEHC
GEV,GE Vernova,Heavy Electrical Equipment,334.12,79.36342,,4.21,119.0,357.09,92434636800,1396999936,2.6853359,9.682112,http://www.sec.gov/cgi-bin/browse-edgar?action=getcompany&CIK=GEV
GEN,Gen Digital,Systems Software,30.85,31.161615,0.0162,0.99,19.08,31.2,19009925120,1808999936,4.921026,9.057546,http://www.sec.gov/cgi-bin/browse-edgar?action=getcompany&CIK=GEN
GNRC,Generac,Electrical Components & Equipment,188.2,39.208332,,4.8,108.89,195.94,11328284672,660542976,2.7464485,4.6472573,http://www.sec.gov/cgi-bin/browse-edgar?action=getcompany&CIK=GNRC
GD,General Dynamics,Aerospace & Defense,284.01,21.647104,0.02,13.12,247.36,316.9,78093942784,5402999808,1.6959984,3.39392,http://www.sec.gov/cgi-bin/browse-edgar?action=getcompany&CIK=GD
GIS,General Mills,Packaged Foods & Meats,66.26,15.776192,0.036199998,4.2,61.48,75.9,36784836608,4214599936,1.8577636,3.9702802,http://www.sec.gov/cgi-bin/browse-edgar?action=getcompany&CIK=GIS
GM,General Motors,Automobile Manufacturers,55.59,5.932764,0.0086,9.37,32.6,61.24,61126762496,18371000320,0.3345397,0.86204755,http://www.sec.gov/cgi-bin/browse-edgar?action=getcompany&CIK=GM
GPC,Genuine Parts Company,Distributors,126.73,16.331186,0.031600002,7.76,112.74,164.45,17639548928,2055010944,0.75698817,3.7528503,http://www.sec.gov/cgi-bin/browse-edgar?action=getcompany&CIK=GPC
GILD,Gilead Sciences,Biotechnology,92.58,1028.6666,0.033299997,0.09,62.07,98.9,115379675136,13948999680,4.0771646,6.2440147,http://www.sec.gov/cgi-bin/browse-edgar?action=getcompany&CIK=GILD
GPN,Global Payments,Transaction & Payment Processing Services,118.96,22.403013,0.0084,5.31,91.6,141.78,30381549568,4356144128,3.0307841,1.3266865,http://www.sec.gov/cgi-bin/browse-edgar?action=getcompany&CIK=GPN
GL,Globe Life,Life & Health Insurance,111.24,9.427118,0.0086,11.8,38.95,132.0,9376664576,1495667968,1.6371354,2.0210388,http://www.sec.gov/cgi-bin/browse-edgar?action=getcompany&CIK=GL
GDDY,GoDaddy,Internet Services & Infrastructure,197.57,15.843625,,12.47,99.9,202.56,27776366592,1015600000,6.1988363,77.72227,http://www.sec.gov/cgi-bin/browse-edgar?action=getcompany&CIK=GDDY
GS,Goldman Sachs,Investment Banking & Brokerage,608.57,17.825718,0.0197,34.14,340.54,612.73,191036227584,,3.868148,1.8575995,http://www.sec.gov/cgi-bin/browse-edgar?action=getcompany&CIK=GS
HAL,Halliburton,Oil & Gas Equipment & Services,31.86,11.139861,0.021300001,2.86,27.26,41.56,28006629376,5112000000,1.213827,2.7168074,http://www.sec.gov/cgi-bin/browse-edgar?action=getcompany&CIK=HAL
HIG,Hartford (The),Property & Casualty Insurance,123.31,12.380522,0.016900001,9.96,77.59,124.9,35871125504,4254000128,1.3752156,2.1506932,http://www.sec.gov/cgi-bin/browse-edgar?action=getcompany&CIK=HIG
HAS,Hasbro,Leisure Products,65.15,,0.043,-4.64,46.09,73.46,9088489472,772200000,2.1024542,7.060035,http://www.sec.gov/cgi-bin/browse-edgar?action=getcompany&CIK=HAS
HCA,HCA Healthcare,Health Care Facilities,327.22,14.686714,0.0081,22.28,250.67,417.14,82883837952,13747000320,1.1905006,,http://www.sec.gov/cgi-bin/browse-edgar?action=getcompany&CIK=HCA
DOC,Healthpeak Properties,Health Care REITs,21.99,44.87755,0.0546,0.49,16.02,23.26,15555615744,1400305024,6.085653,1.7961284,http://www.sec.gov/cgi-bin/browse-edgar?action=getcompany&CIK=DOC
HSIC,Henry Schein,Health Care Distributors,77.05,31.57787,,2.44,63.67,82.63,9682719744,922000000,0.77467954,2.7528672,http://www.sec.gov/cgi-bin/browse-edgar?action=getcompany&CIK=HSIC
HSY,Hershey Company (The),Packaged Foods & Meats,176.13,20.24483,0.0311,8.7,168.16,211.92,35227938816,2952748032,3.210761,8.475531,http://www.sec.gov/cgi-bin/browse-edgar?action=getcompany&CIK=HSY
HES,Hess Corporation,Integrated Oil & Gas,147.18,17.153845,0.0136,8.58,123.79,163.98,45348806656,6984999936,3.6386752,4.176978,http://www.sec.gov/cgi-bin/browse-edgar?action=getcompany&CIK=HES
HPE,Hewlett Packard Enterprise,"Technology Hardware, Storage & Peripherals",21.22,15.049645,0.024500001,1.41,14.465,22.82,27557775360,4909000192,0.9496132,1.2479416,http://www.sec.gov/cgi-bin/browse-edgar?action=getcompany&CIK=HPE
HLT,Hilton Worldwide,"Hotels, Resorts & Cruise Lines",253.44,54.03838,0.0023999999,4.69,166.92,255.86,61783605248,2456999936,13.159447,,http://www.sec.gov/cgi-bin/browse-edgar?action=getcompany&CIK=HLT
HOLX,Hologic,Health Care Equipment,79.5,23.945784,,3.32,67.59,84.67,18041808896,1242700032,4.5244784,3.7262716,http://www.sec.gov/cgi-bin/browse-edgar?action=getcompany&CIK=HOLX
HD,Home Depot (The),Home Improvement Retail,429.13,29.152853,0.021,14.72,318.96,439.37,426281861120,24757999616,2.7573926,73.493744,http://www.sec.gov/cgi-bin/browse-edgar?action=getcompany&CIK=HD
HON,Honeywell,Industrial Conglomerates,232.93,26.897228,0.0194,8.66,189.66,242.77,151462019072,9164000256,4.0016384,8.701808,http://www.sec.gov/cgi-bin/browse-edgar?action=getcompany&CIK=HON
HRL,Hormel Foods,Packaged Foods & Meats,32.43,22.678322,0.0358,1.43,28.51,36.86,17783445504,1353831040,1.4843305,2.260403,http://www.sec.gov/cgi-bin/browse-edgar?action=getcompany&CIK=HRL
HST,Host Hotels & Resorts,Hotel & Resort REITs,18.42,17.883495,0.0434,1.03,15.71,21.31,13058195456,1515000064,2.3359919,1.9183503,http://www.sec.gov/cgi-bin/browse-edgar?action=getcompany&CIK=HST
HWM,Howmet Aerospace,Aerospace & Defense,118.38,45.53077,0.0027,2.6,52.06,119.28,48093175808,1772000000,6.615292,10.835697,http://www.sec.gov/cgi-bin/browse-edgar?action=getcompany&CIK=HWM
HPQ,HP Inc.,"Technology Hardware, Storage & Peripherals",35.43,12.6085415,0.028199999,2.81,27.43,39.8,34133544960,5045000192,0.64015204,,http://www.sec.gov/cgi-bin/browse-edgar?action=getcompany&CIK=HPQ
HUBB,Hubbell Incorporated,Industrial Machinery & Supplies & Components,460.09,33.12383,0.0115,13.89,295.9,481.345,24693260288,1266200064,4.3782377,7.6807117,http://www.sec.gov/cgi-bin/browse-edgar?action=getcompany&CIK=HUBB
HUM,Humana,Managed Health Care,296.38,25.83958,0.0119,11.47,213.31,502.73,35723571200,3779000064,0.31061274,2.0317395,http://www.sec.gov/cgi-bin/browse-edgar?action=getcompany&CIK=HUM
HBAN,Huntington Bancshares,Regional Banks,18.01,17.485437,0.0344,1.03,11.58,18.45,26165108736,,3.9110775,1.4366624,http://www.sec.gov/cgi-bin/browse-edgar?action=getcompany&CIK=HBAN
HII,Huntington Ingalls Industries,Aerospace & Defense,197.92,11.188242,0.0273,17.69,184.29,299.5,7801214464,1071000000,0.66631484,1.8425903,http://www.sec.gov/cgi-bin/browse-edgar?action=getcompany&CIK=HII
IBM,IBM,IT Consulting & Other Services,227.41,33.101894,0.0294,6.87,157.89,237.37,210273517568,14675999744,3.3600755,8.600984,http://www.sec.gov/cgi-bin/browse-edgar?action=getcompany&CIK=IBM
IEX,IDEX Corporation,Industrial Machinery & Supplies & Components,230.63,35.70124,0.012,6.46,189.51,246.36,17499652096,862700032,5.477542,4.5837226,http://www.sec.gov/cgi-bin/browse-edgar?action=getcompany&CIK=IEX
IDXX,Idexx Laboratories,Health Care Equipment,421.75,40.63102,,10.38,398.5,583.39,34535673856,1299420032,8.982397,21.383665,http://www.sec.gov/cgi-bin/browse-edgar?action=getcompany&CIK=IDXX
ITW,Illinois Tool Works,Industrial Machinery & Supplies & Components,277.52,24.048527,0.0216,11.54,232.77,279.13,81951653888,4652000256,5.138357,24.1679,http://www.sec.gov/cgi-bin/browse-edgar?action=getcompany&CIK=ITW
INCY,Incyte,Biotechnology,74.59,828.7777,,0.09,50.35,83.95,14535428096,80491000,3.5662236,4.534898,http://www.sec.gov/cgi-bin/browse-edgar?action=getcompany&CIK=INCY
IR,Ingersoll Rand,Industrial Machinery & Supplies & Components,104.17,50.814636,0.0008,2.05,71.21,106.03,41981759488,1901100032,5.865176,4.0923195,http://www.sec.gov/cgi-bin/browse-edgar?action=getcompany&CIK=IR
PODD,Insulet Corporation,Health Care Equipment,266.78,45.44804,,5.87,160.19,279.4,18723047424,410600000,9.437495,16.737562,http://www.sec.gov/cgi-bin/browse-edgar?action=getcompany&CIK=PODD
INTC,Intel,Semiconductors,24.05,,0.0224,-3.74,18.51,51.28,103727644672,10439000064,1.9121361,1.0411706,http://www.sec.gov/cgi-bin/browse-edgar?action=getcompany&CIK=INTC
ICE,Intercontinental Exchange,Financial Exchanges & Data,160.96,38.142185,0.0112,4.22,111.82,167.99,92551520256,5558000128,10.107188,3.3926315,http://www.sec.gov/cgi-bin/browse-edgar?action=getcompany&CIK=ICE
IFF,International Flavors & Fragrances,Specialty Chemicals,91.36,,0.0175,-9.08,72.94,106.77,23359107072,1876000000,2.0461726,1.5810878,http://www.sec.gov/cgi-bin/browse-edgar?action=getcompany&CIK=IFF
IP,International Paper,Paper & Plastic Packaging Products & Materials,58.83,50.282055,0.031400003,1.17,32.7,60.36,20438013952,1955000064,1.09646,2.3684528,http://www.sec.gov/cgi-bin/browse-edgar?action=getcompany&CIK=IP
IPG,Interpublic Group of Companies (The),Advertising,30.81,14.533019,0.0428,2.12,26.88,35.17,11477002240,1732099968,1.2289457,3.080384,http://www.sec.gov/cgi-bin/browse-edgar?action=getcompany&CIK=IPG
INTU,Intuit,Application Software,641.73,62.485878,0.0061000003,10.27,557.29,714.78,179631128576,4496000000,11.030465,9.755701,http://www.sec.gov/cgi-bin/browse-edgar?action=getcompany&CIK=INTU
ISRG,Intuitive Surgical,Health Care Equipment,542.0,86.9984,,6.23,304.5,552.0,193049018368,2505100032,24.539402,12.388854,http://www.sec.gov/cgi-bin/browse-edgar?action=getcompany&CIK=ISRG
IVZ,Invesco,Asset Management & Custody Banks,18.09,,0.045300003,-0.91,14.16,18.94,8130369536,1053000000,1.380978,0.75674546,http://www.sec.gov/cgi-bin/browse-edgar?action=getcompany&CIK=IVZ
INVH,Invitation Homes,Single-Family Residential REITs,34.25,47.569443,0.0327,0.72,31.01,37.8,21202290688,1407630976,8.299772,2.1158955,http://www.sec.gov/cgi-bin/browse-edgar?action=getcompany&CIK=INVH
IQV,IQVIA,Life Sciences Tools & Services,200.84,26.391588,,7.61,187.62,261.73,36559507456,2827000064,2.3871698,5.2349796,http://www.sec.gov/cgi-bin/browse-edgar?action=getcompany&CIK=IQV
IRM,Iron Mountain,Other Specialized REITs,123.67,343.52777,0.0231,0.36,64.66,130.24,36459524096,2001980032,6.0882983,,http://www.sec.gov/cgi-bin/browse-edgar?action=getcompany&CIK=IRM
JBHT,J.B. Hunt,Cargo Ground Transportation,189.11,34.383636,0.0091,5.5,153.12,219.51,19188992000,1577556992,1.5671448,4.766718,http://www.sec.gov/cgi-bin/browse-edgar?action=getcompany&CIK=JBHT
SJM,J.M. Smucker Company (The),Packaged Foods & Meats,117.79,23.795961,0.038,4.95,105.69,134.62,12557120512,1977900032,1.4775517,1.6257886,http://www.sec.gov/cgi-bin/browse-edgar?action=getcompany&CIK=SJM
JBL,Jabil,Electronic Manufacturing Services,135.83,12.160251,0.0023999999,11.17,95.85,156.94,15327464448,2143000064,0.5306743,8.894637,http://www.sec.gov/cgi-bin/browse-edgar?action=getcompany&CIK=JBL
JKHY,Jack Henry & Associates,Transaction & Payment Processing Services,176.18,32.2674,0.0125,5.46,157.0,189.63,12853967872,571171968,5.7251973,6.6772785,http://www.sec.gov/cgi-bin/browse-edgar?action=getcompany&CIK=JKHY
J,Jacobs Solutions,Construction & Engineering,141.23,29.484343,0.0083,4.79,105.16291,150.54,17507858432,1476304000,1.0329967,2.652107,http://www.sec.gov/cgi-bin/browse-edgar?action=getcompany&CIK=J
JNJ,Johnson & Johnson,Pharmaceuticals,155.01,25.621487,0.032,6.05,143.13,168.85,374144532480,30051999744,4.266381,5.318762,http://www.sec.gov/cgi-bin/browse-edgar?action=getcompany&CIK=JNJ
JCI,Johnson Controls,Building Products,83.86,40.31731,0.0176,2.08,51.7,87.16,55530835968,3232000000,2.4194336,3.4657187,http://www.sec.gov/cgi-bin/browse-edgar?action=getcompany&CIK=JCI
JPM,JPMorgan Chase,Diversified Banks,249.72,13.888765,0.02,17.98,155.88,254.31,703244009472,,4.33705,2.1686497,http://www.sec.gov/cgi-bin/browse-edgar?action=getcompany&CIK=JPM
JNPR,Juniper Networks,Communications Equipment,35.92,47.263157,0.024500001,0.76,28.25,39.79,11892715520,498500000,2.3623376,2.5600455,http://www.sec.gov/cgi-bin/browse-edgar?action=getcompany&CIK=JNPR
K,Kellanova,Packaged Foods & Meats,81.29,27.187292,0.027999999,2.99,52.46,81.34,28020498432,2032000000,2.1892726,7.6768346,http://www.sec.gov/cgi-bin/browse-edgar?action=getcompany&CIK=K
KVUE,Kenvue,Personal Care Products,24.08,43.78182,0.0341,0.55,17.67,24.46,46263459840,3454000128,2.9926553,4.3348336,http://www.sec.gov/cgi-bin/browse-edgar?action=getcompany&CIK=KVUE
KDP,Keurig Dr Pepper,Soft Drinks & Non-alcoholic Beverages,32.65,19.668676,0.028199999,1.66,28.62,38.28,44288094208,4230000128,2.9236925,1.7736853,http://www.sec.gov/cgi-bin/browse-edgar?action=getcompany&CIK=KDP
KEY,KeyCorp,Regional Banks,19.48,Infinity,0.0421,,12.76,20.04,19349833728,,3.988012,1.3453968,http://www.sec.gov/cgi-bin/browse-edgar?action=getcompany&CIK=KEY
KEYS,Keysight Technologies,Electronic Equipment & Instruments,170.84,48.811428,,3.5,119.72,175.39,29485787136,1187000064,5.8936214,5.6680264,http://www.sec.gov/cgi-bin/browse-edgar?action=getcompany&CIK=KEYS
KMB,Kimberly-Clark,Household Products,139.35,18.05052,0.035,7.72,117.67,149.31,46471135232,3897999872,2.3119967,36.166626,http://www.sec.gov/cgi-bin/browse-edgar?action=getcompany&CIK=KMB
KIM,Kimco Realty,Retail REITs,25.57,47.35185,0.039100002,0.54,17.57,25.83,17377806336,1195842048,8.851686,1.6379476,http://www.sec.gov/cgi-bin/browse-edgar?action=getcompany&CIK=KIM
KMI,Kinder Morgan,Oil & Gas Storage & Transportation,28.27,25.0177,0.040700004,1.13,16.47,28.81,62805762048,6568999936,4.1453214,2.0656145,http://www.sec.gov/cgi-bin/browse-edgar?action=getcompany&CIK=KMI
KKR,KKR,Asset Management & Custody Banks,162.87,50.58074,0.0043,3.22,73.04,163.68,147675201536,,5.3089404,6.0015473,http://www.sec.gov/cgi-bin/browse-edgar?action=getcompany&CIK=KKR
KLAC,KLA Corporation,Semiconductor Materials & Equipment,647.03,29.585278,0.0105,21.87,527.11,896.32,86546735104,4249192960,8.43796,24.323523,http://www.sec.gov/cgi-bin/browse-edgar?action=getcompany&CIK=KLAC
KHC,Kraft Heinz,Packaged Foods & Meats,31.97,28.801802,0.05,1.11,30.4,38.96,38657167360,6446000128,1.4794171,0.7997699,http://www.sec.gov/cgi-bin/browse-edgar?action=getcompany&CIK=KHC
KR,Kroger,Food Retail,61.08,15.98953,0.021,3.82,43.51,61.18,44190527488,8067999744,0.2942073,4.950559,http://www.sec.gov/cgi-bin/browse-edgar?action=getcompany&CIK=KR
LHX,L3Harris,Aerospace & Defense,246.25,38.902054,0.0188,6.33,192.95,265.74,46705745920,3705999872,2.209145,2.4568985,http://www.sec.gov/cgi-bin/browse-edgar?action=getcompany&CIK=LHX
LH,LabCorp,Health Care Services,241.16,45.67424,0.0119,5.28,191.97,247.99,20253243392,1673500032,1.5931379,2.4705727,http://www.sec.gov/cgi-bin/browse-edgar?action=getcompany&CIK=LH
LRCX,Lam Research,Semiconductor Materials & Equipment,73.88,23.909386,0.0125,3.09,68.718,113.0,95060656128,4920197120,6.097032,11.267347,http://www.sec.gov/cgi-bin/browse-edgar?action=getcompany&CIK=LRCX
LW,Lamb Weston,Packaged Foods & Meats,77.24,18.131454,0.0186,4.26,52.99,111.875,11014268928,1294400000,1.7059458,5.996429,http://www.sec.gov/cgi-bin/browse-edgar?action=getcompany&CIK=LW
LVS,Las Vegas Sands,Casinos & Gaming,53.06,26.267328,0.0150999995,2.02,36.62,55.66,38469877760,3863000064,3.3992999,11.227254,http://www.sec.gov/cgi-bin/browse-edgar?action=getcompany&CIK=LVS
LDOS,Leidos,Diversified Support Services,165.4,18.838268,0.0097,8.78,105.52,202.9,22069817344,2056999936,1.3558897,4.779794,http://www.sec.gov/cgi-bin/browse-edgar?action=getcompany&CIK=LDOS
LEN,Lennar,Homebuilding,174.39,11.587376,0.0115,15.05,130.29,193.8,46908121088,5534482944,1.286467,1.7255745,http://www.sec.gov/cgi-bin/browse-edgar?action=getcompany&CIK=LEN
LLY,Lilly (Eli),Pharmaceuticals,795.35,85.42964,0.0064999997,9.31,561.65,972.53,715270914048,16566500352,17.503992,50.259083,http://www.sec.gov/cgi-bin/browse-edgar?action=getcompany&CIK=LLY
LIN,Linde plc,Industrial Gases,460.99,34.97648,0.0121,13.18,396.07,487.49,219504082944,12581000192,6.6466036,5.6034474,http://www.sec.gov/cgi-bin/browse-edgar?action=getcompany&CIK=LIN
LYV,Live Nation Entertainment,Movies & Entertainment,138.25,157.10228,,0.88,81.38,141.18,32221650944,1534734976,1.381986,110.071655,http://www.sec.gov/cgi-bin/browse-edgar?action=getcompany&CIK=LYV
LKQ,LKQ Corporation,Distributors,39.29,14.498155,0.0305,2.71,35.57,53.68,10213828608,1732000000,0.70445055,1.646206,http://www.sec.gov/cgi-bin/browse-edgar?action=getcompany&CIK=LKQ
LMT,Lockheed Martin,Aerospace & Defense,529.41,19.153763,0.0249,27.64,413.92,618.95,125488693248,10225999872,1.7601331,17.353153,http://www.sec.gov/cgi-bin/browse-edgar?action=getcompany&CIK=LMT
L,Loews Corporation,Multi-line Insurance,86.73,11.533245,0.0029,7.52,67.2,87.45,18853021696,3233999872,1.0947057,1.093957,http://www.sec.gov/cgi-bin/browse-edgar?action=getcompany&CIK=L
LOW,Lowe's,Home Improvement Retail,272.43,22.683596,0.016900001,12.01,203.72,287.01,154256687104,12433000448,1.8358865,,http://www.sec.gov/cgi-bin/browse-edgar?action=getcompany&CIK=LOW
LULU,Lululemon Athletica,"Apparel, Accessories & Luxury Goods",320.66,24.818886,,12.92,226.01,516.39,39229546496,2699964928,3.9271607,9.840725,http://www.sec.gov/cgi-bin/browse-edgar?action=getcompany&CIK=LULU
LYB,LyondellBasell,Specialty Chemicals,83.34,12.646433,0.0643,6.59,81.45,107.02,27065245696,4421000192,0.6644387,1.9731982,http://www.sec.gov/cgi-bin/browse-edgar?action=getcompany&CIK=LYB
MTB,M&T Bank,Regional Banks,219.99,16.259424,0.024500001,13.53,128.31,225.7,36635373568,,4.310551,1.3801996,http://www.sec.gov/cgi-bin/browse-edgar?action=getcompany&CIK=MTB
MRO,Marathon Oil,Oil & Gas Exploration & Production,28.55,12.306034,0.0154,2.32,21.81,30.06,15971154944,4180999936,2.4342563,1.3956785,http://www.sec.gov/cgi-bin/browse-edgar?action=getcompany&CIK=MRO
MPC,Marathon Petroleum,Oil & Gas Refining & Marketing,156.15,12.123446,0.0233,12.88,140.98,221.11,50184888320,10341000192,0.351755,2.6804564,http://www.sec.gov/cgi-bin/browse-edgar?action=getcompany&CIK=MPC
MKTX,MarketAxess,Financial Exchanges & Data,258.69,34.958107,0.0114,7.4,192.42,297.97,9867600896,412735008,12.153101,7.039758,http://www.sec.gov/cgi-bin/browse-edgar?action=getcompany&CIK=MKTX
MAR,Marriott International,"Hotels, Resorts & Cruise Lines",289.09,30.302935,0.0087,9.54,202.24,290.43,80336084992,4112999936,12.227715,,http://www.sec.gov/cgi-bin/browse-edgar?action=getcompany&CIK=MAR
MMC,Marsh McLennan,Insurance Brokers,233.23,28.722906,0.0139999995,8.12,184.28,235.5,114549284864,7246000128,4.7838497,8.366695,http://www.sec.gov/cgi-bin/browse-edgar?action=getcompany&CIK=MMC
MLM,Martin Marietta Materials,Construction Materials,600.0,18.621973,0.0053,32.22,456.83,633.23,36670861312,1945500032,5.630237,3.9994402,http://www.sec.gov/cgi-bin/browse-edgar?action=getcompany&CIK=MLM
MAS,Masco,Building Products,80.56,21.425531,0.014400001,3.76,61.82,86.7,17380739072,1494000000,2.205118,,http://www.sec.gov/cgi-bin/browse-edgar?action=getcompany&CIK=MAS
MA,Mastercard,Transaction & Payment Processing Services,532.94,40.31316,0.005,13.22,404.32,535.77,488635105280,16784000000,17.94737,65.90083,http://www.sec.gov/cgi-bin/browse-edgar?action=getcompany&CIK=MA
MTCH,Match Group,Interactive Media & Services,32.74,14.681615,,2.23,27.655,42.425,8220720128,993089984,2.3585992,,http://www.sec.gov/cgi-bin/browse-edgar?action=getcompany&CIK=MTCH
MKC,McCormick & Company,Packaged Foods & Meats,78.41,26.670069,0.023,2.94,63.88,85.49,20867567616,1270200064,3.124589,3.881107,http://www.sec.gov/cgi-bin/browse-edgar?action=getcompany&CIK=MKC
MCD,McDonald's,Restaurants,296.01,25.965792,0.0239,11.4,243.53,317.9,212126695424,13845499904,8.178,,http://www.sec.gov/cgi-bin/browse-edgar?action=getcompany&CIK=MCD
MCK,McKesson Corporation,Health Care Distributors,628.5,32.46384,0.0045,19.36,431.35,637.51,79781789696,4889999872,0.24162607,,http://www.sec.gov/cgi-bin/browse-edgar?action=getcompany&CIK=MCK
MDT,Medtronic,Health Care Equipment,86.54,26.464832,0.032,3.27,75.96,92.68,110969380864,9013000192,3.406372,2.2600021,http://www.sec.gov/cgi-bin/browse-edgar?action=getcompany&CIK=MDT
MRK,Merck & Co.,Pharmaceuticals,101.64,21.263597,0.0319,4.78,94.48,134.63,260856004608,22927998976,4.129167,5.7828856,http://www.sec.gov/cgi-bin/browse-edgar?action=getcompany&CIK=MRK
META,Meta Platforms,Interactive Media & Services,574.32,27.10335,0.0034999999,21.19,313.66,602.95,1436937093120,79208996864,9.197752,8.810481,http://www.sec.gov/cgi-bin/browse-edgar?action=getcompany&CIK=META
MET,MetLife,Life & Health Insurance,88.23,17.896553,0.0247,4.93,63.07,89.05,61106073600,7036000256,0.85649914,1.9815834,http://www.sec.gov/cgi-bin/browse-edgar?action=getcompany&CIK=MET
MTD,Mettler Toledo,Life Sciences Tools & Services,1251.2,33.779694,,37.04,1068.33,1546.93,26403696640,1142445056,7.018105,,http://www.sec.gov/cgi-bin/browse-edgar?action=getcompany&CIK=MTD
MGM,MGM Resorts,Casinos & Gaming,38.34,13.741936,,2.79,33.44,48.25,11415351296,2556987904,0.6628486,3.521955,http://www.sec.gov/cgi-bin/browse-edgar?action=getcompany&CIK=MGM
MCHP,Microchip Technology,Semiconductors,68.17,47.340275,0.026700001,1.44,62.63,100.57,36607971328,1950800000,6.660112,5.8329763,http://www.sec.gov/cgi-bin/browse-edgar?action=getcompany&CIK=MCHP
MU,Micron Technology,Semiconductors,97.95,139.92857,0.0047,0.7,72.93,157.54,109399367680,8944000000,4.3566313,2.4069295,http://www.sec.gov/cgi-bin/browse-edgar?action=getcompany&CIK=MU
MSFT,Microsoft,Systems Software,423.46,34.967796,0.0078,12.11,362.9,468.35,3148374343680,136551997440,12.38591,10.9440975,http://www.sec.gov/cgi-bin/browse-edgar?action=getcompany&CIK=MSFT
MAA,Mid-America Apartment Communities,Multi-Family Residential REITs,164.16,37.056435,0.0358,4.43,121.51,167.39,19816738816,1247618048,9.075968,3.2254643,http://www.sec.gov/cgi-bin/browse-edgar?action=getcompany&CIK=MAA
MRNA,Moderna,Biotechnology,43.06,,,-5.81,35.8,170.47,16697247744,-2361999872,3.286213,1.3899739,http://www.sec.gov/cgi-bin/browse-edgar?action=getcompany&CIK=MRNA
MHK,Mohawk Industries,Home Furnishings,138.83,15.669301,,8.86,90.23,164.29,8763129856,1549473024,0.81049925,1.1160147,http://www.sec.gov/cgi-bin/browse-edgar?action=getcompany&CIK=MHK
MOH,Molina Healthcare,Managed Health Care,297.9,15.152594,,19.66,272.69,423.92,17039879168,1814000000,0.45386422,3.5598202,http://www.sec.gov/cgi-bin/browse-edgar?action=getcompany&CIK=MOH
TAP,Molson Coors Beverage Company,Brewers,62.06,13.977478,0.028399998,4.44,49.19,69.18,12615121920,2418400000,1.0798584,0.96029466,http://www.sec.gov/cgi-bin/browse-edgar?action=getcompany&CIK=TAP
MDLZ,Mondelez International,Packaged Foods & Meats,64.95,23.031914,0.028900001,2.82,63.4,77.2,86997917696,7414000128,2.4065146,3.1180987,http://www.sec.gov/cgi-bin/browse-edgar?action=getcompany&CIK=MDLZ
MPWR,Monolithic Power Systems,Semiconductors,567.64,64.067726,0.0088,8.86,545.92,959.64,27689480192,522235008,13.576955,11.774077,http://www.sec.gov/cgi-bin/browse-edgar?action=getcompany&CIK=MPWR
MNST,Monster Beverage,Soft Drinks & Non-alcoholic Beverages,55.13,35.339745,,1.56,43.32,61.23,53624729600,2105284992,7.2360477,9.27646,http://www.sec.gov/cgi-bin/browse-edgar?action=getcompany&CIK=MNST
MCO,Moody's Corporation,Financial Exchanges & Data,499.98,45.660275,0.0068,10.95,360.05,503.95,90774863872,3313999872,13.163408,23.204159,http://www.sec.gov/cgi-bin/browse-edgar?action=getcompany&CIK=MCO
MS,Morgan Stanley,Investment Banking & Brokerage,131.61,20.00152,0.028099999,6.58,79.33,136.24,212028981248,,3.637984,2.2595544,http://www.sec.gov/cgi-bin/browse-edgar?action=getcompany&CIK=MS
MOS,Mosaic Company (The),Fertilizers & Agricultural Chemicals,26.46,23.415928,0.0317,1.13,24.12,38.3,8404886016,1908199936,0.7336411,0.7122668,http://www.sec.gov/cgi-bin/browse-edgar?action=getcompany&CIK=MOS
MSI,Motorola Solutions,Communications Equipment,499.7,54.671772,0.0087,9.14,307.09,507.82,83670769664,3152000000,7.852724,62.8949,http://www.sec.gov/cgi-bin/browse-edgar?action=getcompany&CIK=MSI
MSCI,MSCI,Financial Exchanges & Data,609.63,40.00197,0.0105,15.24,439.95,631.7,47777492992,1622592000,17.046799,,http://www.sec.gov/cgi-bin/browse-edgar?action=getcompany&CIK=MSCI
NDAQ,"Nasdaq, Inc.",Financial Exchanges & Data,82.99,49.993977,0.0116,1.66,53.62,83.77,47733604352,2512000000,6.802566,4.308036,http://www.sec.gov/cgi-bin/browse-edgar?action=getcompany&CIK=NDAQ
NTAP,NetApp,"Technology Hardware, Storage & Peripherals",122.64,22.585636,0.0164,5.43,83.62,135.45,24933447680,1582000000,3.9099023,22.045658,http://www.sec.gov/cgi-bin/browse-edgar?action=getcompany&CIK=NTAP
NFLX,Netflix,Movies & Entertainment,886.81,50.244194,,17.65,445.73,908.0,379074019328,9976898560,10.085168,16.684101,http://www.sec.gov/cgi-bin/browse-edgar?action=getcompany&CIK=NFLX
NEM,Newmont,Gold,41.94,,0.0238,-2.19,29.42,58.72,47860244480,6008999936,2.8174632,1.614816,http://www.sec.gov/cgi-bin/browse-edgar?action=getcompany&CIK=NEM
NWSA,News Corp (Class A),Publishing,29.35,47.33871,0.0068,0.62,21.52,30.04,17017422848,1270000000,1.6744487,2.0244172,http://www.sec.gov/cgi-bin/browse-edgar?action=getcompany&CIK=NWSA
NWS,News Corp (Class B),Publishing,32.09,51.758064,0.0062,0.62,22.21,32.75,17017423872,1270000000,1.6744488,2.2134087,http://www.sec.gov/cgi-bin/browse-edgar?action=getcompany&CIK=NWS
NEE,NextEra Energy,Multi-Utilities,78.67,23.344213,0.026199998,3.37,53.95,86.1,161776992256,14577999872,6.1638722,3.2322607,http://www.sec.gov/cgi-bin/browse-edgar?action=getcompany&CIK=NEE
NKE,"Nike, Inc.","Apparel, Accessories & Luxury Goods",78.77,22.5702,0.020299999,3.49,70.75,123.39,116608745472,7200999936,2.3316152,8.422796,http://www.sec.gov/cgi-bin/browse-edgar?action=getcompany&CIK=NKE
NI,NiSource,Multi-Utilities,38.09,23.22561,0.0278,1.64,24.8,38.56,17779611648,2324999936,3.36143,2.130194,http://www.sec.gov/cgi-bin/browse-edgar?action=getcompany&CIK=NI
NDSN,Nordson Corporation,Industrial Machinery & Supplies & Components,260.99,31.750607,0.012,8.22,222.18,279.38,14923799552,818784000,5.6004457,5.2295265,http://www.sec.gov/cgi-bin/browse-edgar?action=getcompany&CIK=NDSN
NSC,Norfolk Southern Railway,Rail Transportation,275.85,25.90141,0.0196,10.65,206.71,277.6,62408306688,5888000000,5.127202,4.527252,http://www.sec.gov/cgi-bin/browse-edgar?action=getcompany&CIK=NSC
NTRS,Northern Trust,Asset Management & Custody Banks,111.16,13.843089,0.027,8.03,76.67,111.87,22033913856,,2.8041532,1.8571858,http://www.sec.gov/cgi-bin/browse-edgar?action=getcompany&CIK=NTRS
NOC,Northrop Grumman,Aerospace & Defense,489.65,30.206663,0.0168,16.21,418.6,555.57,71339556864,4457999872,1.740626,4.8411655,http://www.sec.gov/cgi-bin/browse-edgar?action=getcompany&CIK=NOC
NCLH,Norwegian Cruise Line Holdings,"Hotels, Resorts & Cruise Lines",26.89,23.587719,,1.14,14.69,28.11,11836951552,2335180032,1.2650721,10.414407,http://www.sec.gov/cgi-bin/browse-edgar?action=getcompany&CIK=NCLH
NRG,NRG Energy,Independent Power Producers & Energy Traders,101.61,25.150991,0.016,4.04,47.22,103.14,20582731776,2192999936,0.7320127,11.135343,http://www.sec.gov/cgi-bin/browse-edgar?action=getcompany&CIK=NRG
NUE,Nucor,Steel,154.69,14.87404,0.0139999995,10.4,133.42,203.0,36341940224,4940151808,1.1587541,1.774212,http://www.sec.gov/cgi-bin/browse-edgar?action=getcompany&CIK=NUE
NVDA,Nvidia,Semiconductors,138.25,54.644268,0.00029999999,2.53,45.01,152.89,3385742589952,61184000000,35.155727,79.27179,http://www.sec.gov/cgi-bin/browse-edgar?action=getcompany&CIK=NVDA
NVR,"NVR, Inc.",Homebuilding,9235.58,18.903677,,488.56,6286.46,9964.77,28296708096,2071504000,2.7522235,6.626896,http://www.sec.gov/cgi-bin/browse-edgar?action=getcompany&CIK=NVR
NXPI,NXP Semiconductors,Semiconductors,229.37,21.928297,0.0177,10.46,201.58,296.08,58295758848,4640000000,4.51031,6.194,http://www.sec.gov/cgi-bin/browse-edgar?action=getcompany&CIK=NXPI
ORLY,O'Reilly Auto Parts,Automotive Retail,1243.22,30.77277,,40.4,914.5,1255.3,71771955200,3685244928,4.364392,,http://www.sec.gov/cgi-bin/browse-edgar?action=getcompany&CIK=ORLY
OXY,Occidental Petroleum,Oil & Gas Exploration & Production,50.58,13.857534,0.0174,3.65,48.42,71.19,47461388288,12931000320,1.7489549,1.7983361,http://www.sec.gov/cgi-bin/browse-edgar?action=getcompany&CIK=OXY
ODFL,Old Dominion,Cargo Ground Transportation,225.14,39.36014,0.0046,5.72,165.49,233.26,48066940928,1971409024,8.113206,11.526726,http://www.sec.gov/cgi-bin/browse-edgar?action=getcompany&CIK=ODFL
OMC,Omnicom Group,Advertising,104.82,14.319672,0.026700001,7.32,80.92,107.0,20449646592,2420600064,1.3255063,5.1755295,http://www.sec.gov/cgi-bin/browse-edgar?action=getcompany&CIK=OMC
ON,ON Semiconductor,Semiconductors,71.12,17.647642,,4.03,59.34,86.77,30282682368,2716600064,4.104512,3.5265534,http://www.sec.gov/cgi-bin/browse-edgar?action=getcompany&CIK=ON
OKE,ONEOK,Oil & Gas Storage & Transportation,113.6,24.118895,0.0349,4.71,65.49,118.07,66370912256,5612000256,3.3297002,3.9297078,http://www.sec.gov/cgi-bin/browse-edgar?action=getcompany&CIK=OKE
ORCL,Oracle Corporation,Application Software,184.84,47.63917,0.0087,3.88,99.26,196.04,512202702848,21802999808,9.517842,47.35844,http://www.sec.gov/cgi-bin/browse-edgar?action=getcompany&CIK=ORCL
OTIS,Otis Worldwide,Industrial Machinery & Supplies & Components,102.98,25.616917,0.0150999995,4.02,85.42,106.33,41136492544,2507000064,2.8957126,,http://www.sec.gov/cgi-bin/browse-edgar?action=getcompany&CIK=OTIS
PCAR,Paccar,Construction Machinery & Heavy Transportation Equipment,117.0,13.087249,0.010299999,8.94,90.04,125.5,61343215616,5908100096,1.7610712,3.286517,http://www.sec.gov/cgi-bin/browse-edgar?action=getcompany&CIK=PCAR
PKG,Packaging Corporation of America,Paper & Plastic Packaging Products & Materials,248.85,28.969732,0.0201,8.59,159.57,250.82,22347948032,1624999936,2.7336605,5.204652,http://www.sec.gov/cgi-bin/browse-edgar?action=getcompany&CIK=PKG
PLTR,Palantir Technologies,Internet Services & Infrastructure,67.08,335.4,,0.2,15.664,67.88,150463119360,397707008,56.857105,33.8446,http://www.sec.gov/cgi-bin/browse-edgar?action=getcompany&CIK=PLTR
PANW,Palo Alto Networks,Systems Software,387.82,50.235752,,7.72,260.09,408.53,127243747328,1094400000,15.850981,24.388126,http://www.sec.gov/cgi-bin/browse-edgar?action=getcompany&CIK=PANW
PARA,Paramount Global,Movies & Entertainment,10.85,,0.0184,-9.06,9.54,17.5,7678675456,3124999936,0.26600185,0.43521863,http://www.sec.gov/cgi-bin/browse-edgar?action=getcompany&CIK=PARA
PH,Parker Hannifin,Industrial Machinery & Supplies & Components,702.9,31.64791,0.0093,22.21,431.98,712.42,90477289472,4962157056,4.5270104,7.0181923,http://www.sec.gov/cgi-bin/browse-edgar?action=getcompany&CIK=PH
PAYX,Paychex,Human Resource & Employment Services,146.27,31.121279,0.026800001,4.7,114.72,150.71,52642279424,2358799872,9.912307,13.671371,http://www.sec.gov/cgi-bin/browse-edgar?action=getcompany&CIK=PAYX
PAYC,Paycom,Human Resource & Employment Services,231.92,27.942167,0.0064999997,8.3,139.5,237.33,13372971008,667798016,7.331986,8.616117,http://www.sec.gov/cgi-bin/browse-edgar?action=getcompany&CIK=PAYC
PYPL,PayPal,Transaction & Payment Processing Services,86.77,20.758373,,4.18,55.77,88.74,86990397440,6120999936,2.765375,4.326817,http://www.sec.gov/cgi-bin/browse-edgar?action=getcompany&CIK=PYPL
PNR,Pentair,Industrial Machinery & Supplies & Components,108.99,27.2475,0.0084,4.0,65.31,110.71,18008526848,978700032,4.3982234,5.1471076,http://www.sec.gov/cgi-bin/browse-edgar?action=getcompany&CIK=PNR
PEP,PepsiCo,Soft Drinks & Non-alcoholic Beverages,163.45,24.107668,0.0332,6.78,155.85,183.41,224251756544,16913000448,2.4396405,11.536561,http://www.sec.gov/cgi-bin/browse-edgar?action=getcompany&CIK=PEP
PFE,Pfizer,Pharmaceuticals,26.21,34.946667,0.0641,0.75,24.48,31.54,148531806208,18365999104,2.5015883,1.6091601,http://www.sec.gov/cgi-bin/browse-edgar?action=getcompany&CIK=PFE
PCG,PG&E Corporation,Multi-Utilities,21.63,16.898438,0.0018000001,1.28,15.94,21.72,56568721408,9317999616,2.2783327,1.7229568,http://www.sec.gov/cgi-bin/browse-edgar?action=getcompany&CIK=PCG
PM,Philip Morris International,Tobacco,133.06,21.154213,0.040599998,6.29,87.82,134.15,206885666816,15301000192,5.558604,,http://www.sec.gov/cgi-bin/browse-edgar?action=getcompany&CIK=PM
PSX,Phillips 66,Oil & Gas Refining & Marketing,133.98,17.132992,0.0343,7.82,119.77,174.08,55332261888,5571999744,0.37452966,1.9264671,http://www.sec.gov/cgi-bin/browse-edgar?action=getcompany&CIK=PSX
PNW,Pinnacle West,Multi-Utilities,93.7,17.612782,0.0382,5.32,65.2,95.42,10746920960,1978172032,2.1403599,1.609219,http://www.sec.gov/cgi-bin/browse-edgar?action=getcompany&CIK=PNW
PNC,PNC Financial Services,Diversified Banks,214.72,18.150465,0.0298,11.83,136.4,216.26,85308473344,,4.1646395,1.7237725,http://www.sec.gov/cgi-bin/browse-edgar?action=getcompany&CIK=PNC
POOL,Pool Corporation,Distributors,377.09,32.36824,0.0127,11.65,293.51,422.73,14350348288,679414976,2.6941302,10.024989,http://www.sec.gov/cgi-bin/browse-edgar?action=getcompany&CIK=POOL
PPG,PPG Industries,Specialty Chemicals,124.37,19.709984,0.0214,6.31,118.07,151.16,28853839872,2870000128,1.6003239,3.7049065,http://www.sec.gov/cgi-bin/browse-edgar?action=getcompany&CIK=PPG
PPL,PPL Corporation,Electric Utilities,34.93,31.468468,0.0295,1.11,25.35,35.15,25828954112,3276000000,3.1186857,1.8287001,http://www.sec.gov/cgi-bin/browse-edgar?action=getcompany&CIK=PPL
PFG,Principal Financial Group,Life & Health Insurance,87.09,,0.0335,-0.74,72.21,91.98,19963203584,-15100000,1.419202,1.7770205,http://www.sec.gov/cgi-bin/browse-edgar?action=getcompany&CIK=PFG
PG,Procter & Gamble,Personal Care Products,179.26,30.8537,0.0225,5.81,142.5,180.43,422401081344,24039999488,5.0342774,8.269976,http://www.sec.gov/cgi-bin/browse-edgar?action=getcompany&CIK=PG
PGR,Progressive Corporation,Property & Casualty Insurance,268.88,19.526506,0.0015,13.77,149.14,270.62,157513121792,10823199744,2.1889167,5.7994523,http://www.sec.gov/cgi-bin/browse-edgar?action=getcompany&CIK=PGR
PLD,Prologis,Industrial REITs,116.78,35.38788,0.032899998,3.3,101.11,137.52,108158713856,5739131904,13.127316,2.04036,http://www.sec.gov/cgi-bin/browse-edgar?action=getcompany&CIK=PLD
PRU,Prudential Financial,Life & Health Insurance,129.41,11.523599,0.0402,11.23,96.87,130.55,46100111360,5557333504,0.6318027,1.5143642,http://www.sec.gov/cgi-bin/browse-edgar?action=getcompany&CIK=PRU
PTC,PTC Inc.,Application Software,200.06,64.121796,,3.12,157.72,201.66,24033007616,698484992,10.45608,7.4758043,http://www.sec.gov/cgi-bin/browse-edgar?action=getcompany&CIK=PTC
PEG,Public Service Enterprise Group,Electric Utilities,94.3,23.169533,0.0255,4.07,56.85,95.22,46982619136,4044999936,4.5045657,2.9177883,http://www.sec.gov/cgi-bin/browse-edgar?action=getcompany&CIK=PEG
PSA,Public Storage,Self-Storage REITs,348.05,36.10477,0.0345,9.64,256.31,369.99,61526188032,3353046016,13.094509,11.586604,http://www.sec.gov/cgi-bin/browse-edgar?action=getcompany&CIK=PSA
PHM,PulteGroup,Homebuilding,135.27,9.983026,0.0064999997,13.55,89.81,149.47,27999809536,3788722944,1.6167285,2.402323,http://www.sec.gov/cgi-bin/browse-edgar?action=getcompany&CIK=PHM
QRVO,Qorvo,Semiconductors,69.05,,,-1.45,64.98,130.99,6527069184,673129984,1.6532476,1.9167778,http://www.sec.gov/cgi-bin/browse-edgar?action=getcompany&CIK=QRVO
QCOM,Qualcomm,Semiconductors,158.53,17.732662,0.0214,8.94,128.03,230.63,176126836736,11959000064,4.5204773,6.7156653,http://www.sec.gov/cgi-bin/browse-edgar?action=getcompany&CIK=QCOM
PWR,Quanta Services,Construction & Engineering,344.52,63.68207,0.0011999999,5.41,187.16,350.19,50855284736,1868978048,2.2204328,7.192034,http://www.sec.gov/cgi-bin/browse-edgar?action=getcompany&CIK=PWR
DGX,Quest Diagnostics,Health Care Services,162.66,21.89233,0.0184,7.43,123.04,165.32,18228981760,1804999936,1.910995,2.675549,http://www.sec.gov/cgi-bin/browse-edgar?action=getcompany&CIK=DGX
RL,Ralph Lauren Corporation,"Apparel, Accessories & Luxury Goods",231.4,22.080153,0.0143,10.48,127.68,237.16,13827445760,1059800000,2.0515194,5.883699,http://www.sec.gov/cgi-bin/browse-edgar?action=getcompany&CIK=RL
RJF,Raymond James Financial,Investment Banking & Brokerage,169.28,17.451546,0.0106,9.7,104.24,171.38,34707984384,,2.716655,3.130004,http://www.sec.gov/cgi-bin/browse-edgar?action=getcompany&CIK=RJF
O,Realty Income,Retail REITs,57.89,55.133335,0.0546,1.05,50.65,64.88,51042308096,4485658112,10.178531,1.3174183,http://www.sec.gov/cgi-bin/browse-edgar?action=getcompany&CIK=O
REG,Regency Centers,Retail REITs,75.59,35.65566,0.0373,2.12,56.51,76.53,13861316608,917937984,9.304065,2.0915883,http://www.sec.gov/cgi-bin/browse-edgar?action=getcompany&CIK=REG
REGN,Regeneron Pharmaceuticals,Biotechnology,750.22,18.551434,,40.44,735.95,1211.2,82952568832,4598000128,5.990609,2.757756,http://www.sec.gov/cgi-bin/browse-edgar?action=getcompany&CIK=REGN
RF,Regions Financial Corporation,Regional Banks,27.26,15.401131,0.0367,1.77,16.86,27.96,24775632896,,3.7790775,1.463467,http://www.sec.gov/cgi-bin/browse-edgar?action=getcompany&CIK=RF
RSG,Republic Services,Environmental & Facilities Services,218.3,34.983974,0.0106,6.24,160.39,220.58,68361080832,4804800000,4.3218365,6.09096,http://www.sec.gov/cgi-bin/browse-edgar?action=getcompany&CIK=RSG
RMD,ResMed,Health Care Equipment,249.02,32.98278,0.0085,7.55,159.6,260.49,36600463360,1632185984,7.613225,7.0356555,http://www.sec.gov/cgi-bin/browse-edgar?action=getcompany&CIK=RMD
RVTY,Revvity,Health Care Equipment,116.14,55.56938,0.0023999999,2.09,88.62,129.5,14145387520,788105984,5.197539,1.7899636,http://www.sec.gov/cgi-bin/browse-edgar?action=getcompany&CIK=RVTY
ROK,Rockwell Automation,Electrical Components & Equipment,295.14,35.601933,0.0178,8.29,242.81,312.76,33320421376,1613699968,4.031899,9.541884,http://www.sec.gov/cgi-bin/browse-edgar?action=getcompany&CIK=ROK
ROL,"Rollins, Inc.",Environmental & Facilities Services,50.33,51.886597,0.013099999,0.97,40.41,52.16,24777056256,757598016,7.4841022,18.496878,http://www.sec.gov/cgi-bin/browse-edgar?action=getcompany&CIK=ROL
ROP,Roper Technologies,Electronic Equipment & Instruments,566.44,41.68065,0.0058,13.59,508.22,579.1,60738793472,2732699904,8.964341,3.2804394,http://www.sec.gov/cgi-bin/browse-edgar?action=getcompany&CIK=ROP
ROST,Ross Stores,Apparel Retail,154.87,24.388975,0.010299999,6.35,127.53,163.6,51379978240,2983800064,2.4358857,10.655704,http://www.sec.gov/cgi-bin/browse-edgar?action=getcompany&CIK=ROST
RCL,Royal Caribbean Group,"Hotels, Resorts & Cruise Lines",244.06,24.45491,0.0066000004,9.98,110.66,245.91,65621635072,5641999872,4.087302,9.314556,http://www.sec.gov/cgi-bin/browse-edgar?action=getcompany&CIK=RCL
RTX,RTX Corporation,Aerospace & Defense,121.83,35.10951,0.0207,3.47,79.67,128.7,162158166016,12570999808,2.0515442,2.6533813,http://www.sec.gov/cgi-bin/browse-edgar?action=getcompany&CIK=RTX
SPGI,S&P Global,Financial Exchanges & Data,522.51,46.07672,0.0069999998,11.34,407.69,533.29,162243543040,6645000192,11.784104,4.7697773,http://www.sec.gov/cgi-bin/browse-edgar?action=getcompany&CIK=SPGI
CRM,Salesforce,Application Software,329.99,57.489548,0.0047999998,5.74,212.0,348.86,315489550336,9345000448,8.651846,5.485206,http://www.sec.gov/cgi-bin/browse-edgar?action=getcompany&CIK=CRM
SBAC,SBA Communications,Telecom Tower REITs,226.25,35.68612,0.0173,6.34,183.64,258.76,24570071040,1785819008,9.233543,,http://www.sec.gov/cgi-bin/browse-edgar?action=getcompany&CIK=SBAC
SLB,Schlumberger,Oil & Gas Equipment & Services,43.94,14.128617,0.025,3.11,38.66,55.69,62049869824,8130999808,1.7238469,2.884527,http://www.sec.gov/cgi-bin/browse-edgar?action=getcompany&CIK=SLB
STX,Seagate Technology,"Technology Hardware, Storage & Peripherals",101.33,26.183464,0.028399998,3.87,76.87,115.32,21434335232,1211000064,2.9503558,,http://www.sec.gov/cgi-bin/browse-edgar?action=getcompany&CIK=STX
SRE,Sempra,Multi-Utilities,93.67,20.632158,0.026500002,4.54,66.4,95.77,59716870144,4930999808,4.6227646,2.0585003,http://www.sec.gov/cgi-bin/browse-edgar?action=getcompany&CIK=SRE
NOW,ServiceNow,Systems Software,1049.44,163.97499,,6.4,637.99,1072.84,216517296128,1824000000,20.691637,23.306385,http://www.sec.gov/cgi-bin/browse-edgar?action=getcompany&CIK=NOW
SHW,Sherwin-Williams,Specialty Chemicals,397.4,39.542286,0.0072000003,10.05,278.45,400.42,100086374400,4399799808,4.3414826,23.961412,http://www.sec.gov/cgi-bin/browse-edgar?action=getcompany&CIK=SHW
SPG,Simon Property Group,Retail REITs,183.6,24.382471,0.0458,7.53,127.6,186.0,68993212416,4353110016,11.675946,22.417583,http://www.sec.gov/cgi-bin/browse-edgar?action=getcompany&CIK=SPG
SWKS,Skyworks Solutions,Semiconductors,87.59,23.737125,0.0335,3.69,82.13,120.86,14007479296,1136199936,3.204053,2.2088566,http://www.sec.gov/cgi-bin/browse-edgar?action=getcompany&CIK=SWKS
SW,Smurfit WestRock,Paper & Plastic Packaging Products & Materials,55.02,76.416664,0.0342,0.72,38.55,56.986,28618983424,2172999936,1.7416615,1.5865052,http://www.sec.gov/cgi-bin/browse-edgar?action=getcompany&CIK=SW
SNA,Snap-on,Industrial Machinery & Supplies & Components,369.69,19.007196,0.0232,19.45,252.98,373.9,19411460096,1480000000,3.803931,3.5453708,http://www.sec.gov/cgi-bin/browse-edgar?action=getcompany&CIK=SNA
SOLV,Solventum,Health Care Technology,71.51,188.18422,,0.38,47.16,77.17,12521472000,1840000000,1.5242206,3.8702173,http://www.sec.gov/cgi-bin/browse-edgar?action=getcompany&CIK=SOLV
SO,Southern Company,Electric Utilities,89.13,20.776224,0.0323,4.29,65.8,94.45,98326429696,13061000192,3.7205398,2.9328725,http://www.sec.gov/cgi-bin/browse-edgar?action=getcompany&CIK=SO
LUV,Southwest Airlines,Passenger Airlines,32.36,,0.0222,-0.08,23.58,35.18,19407491072,1682000000,0.7089235,1.8641628,http://www.sec.gov/cgi-bin/browse-edgar?action=getcompany&CIK=LUV
SWK,Stanley Black & Decker,Industrial Machinery & Supplies & Components,89.45,,0.0367,-1.24,77.7,110.88,13839256576,1663699968,0.8997222,1.5564101,http://www.sec.gov/cgi-bin/browse-edgar?action=getcompany&CIK=SWK
SBUX,Starbucks,Restaurants,102.46,30.954683,0.0238,3.31,71.55,103.32,116169138176,6700000256,3.2112036,,http://www.sec.gov/cgi-bin/browse-edgar?action=getcompany&CIK=SBUX
STT,State Street Corporation,Asset Management & Custody Banks,98.51,15.440439,0.0309,6.38,70.2,99.5,28960364544,,2.3079667,1.2593805,http://www.sec.gov/cgi-bin/browse-edgar?action=getcompany&CIK=STT
STLD,Steel Dynamics,Steel,145.27,13.075608,0.0127,11.11,104.6,155.56,22116630528,2689149952,1.2354504,2.4480958,http://www.sec.gov/cgi-bin/browse-edgar?action=getcompany&CIK=STLD
STE,Steris,Health Care Equipment,219.06,36.75503,0.0104,5.96,195.5,248.24,21622820864,1325649024,4.060223,3.2794397,http://www.sec.gov/cgi-bin/browse-edgar?action=getcompany&CIK=STE
SYK,Stryker Corporation,Health Care Equipment,392.15,42.031082,0.0082,9.33,285.79,398.2,149493858304,5693000192,6.8032155,7.419355,http://www.sec.gov/cgi-bin/browse-edgar?action=getcompany&CIK=SYK
SMCI,Supermicro,"Technology Hardware, Storage & Peripherals",32.64,16.238806,,2.01,17.25,122.9,20535781376,1304590720,1.3742877,3.502146,http://www.sec.gov/cgi-bin/browse-edgar?action=getcompany&CIK=SMCI
SYF,Synchrony Financial,Consumer Finance,67.52,8.768831,0.0148,7.7,33.51,68.69,26288504832,,2.918675,1.7807784,http://www.sec.gov/cgi-bin/browse-edgar?action=getcompany&CIK=SYF
SNPS,Synopsys,Application Software,558.49,57.457817,,9.72,457.52,629.38,85791883264,1652390016,13.232468,11.1281805,http://www.sec.gov/cgi-bin/browse-edgar?action=getcompany&CIK=SNPS
SYY,Sysco,Food Distributors,77.11,19.822622,0.026500002,3.89,69.03,82.89,37878435840,4410999808,0.47521502,17.158434,http://www.sec.gov/cgi-bin/browse-edgar?action=getcompany&CIK=SYY
TMUS,T-Mobile US,Wireless Telecommunication Services,246.94,28.157354,0.0143,8.77,151.38,248.15,286571397120,30663999488,3.581874,4.4761457,http://www.sec.gov/cgi-bin/browse-edgar?action=getcompany&CIK=TMUS
TROW,T. Rowe Price,Asset Management & Custody Banks,123.84,13.564074,0.0401,9.13,97.5,124.83,27583377408,2648399872,3.9911704,2.6841214,http://www.sec.gov/cgi-bin/browse-edgar?action=getcompany&CIK=TROW
TTWO,Take-Two Interactive,Interactive Home Entertainment,188.38,,,-21.19,135.24,190.43,33084616704,165600000,6.0627847,5.701574,http://www.sec.gov/cgi-bin/browse-edgar?action=getcompany&CIK=TTWO
TPR,"Tapestry, Inc.","Apparel, Accessories & Luxury Goods",62.28,18.052174,0.0225,3.45,32.2,62.64,14513481728,1439500032,2.1774032,4.866385,http://www.sec.gov/cgi-bin/browse-edgar?action=getcompany&CIK=TPR
TRGP,Targa Resources,Oil & Gas Storage & Transportation,204.3,36.87726,0.0147,5.54,81.03,209.87,44550275072,4021700096,2.7473543,17.329716,http://www.sec.gov/cgi-bin/browse-edgar?action=getcompany&CIK=TRGP
TGT,Target Corporation,Consumer Staples Merchandise Retail,132.31,14.030752,0.0287,9.43,120.21,181.86,60626030592,9230999552,0.56501424,4.547673,http://www.sec.gov/cgi-bin/browse-edgar?action=getcompany&CIK=TGT
TEL,TE Connectivity,Electronic Manufacturing Services,151.12,14.615087,0.0172,10.34,128.52,159.98,45218430976,3761999872,2.8537982,3.6684062,http://www.sec.gov/cgi-bin/browse-edgar?action=getcompany&CIK=TEL
TDY,Teledyne Technologies,Electronic Equipment & Instruments,485.26,24.570127,,19.75,355.41,492.0,22633836544,1346000000,4.0470324,2.358184,http://www.sec.gov/cgi-bin/browse-edgar?action=getcompany&CIK=TDY
TFX,Teleflex,Health Care Equipment,192.85,38.33996,0.0070999996,5.03,185.66,257.85,8956667904,644953984,2.9600756,1.9985077,http://www.sec.gov/cgi-bin/browse-edgar?action=getcompany&CIK=TFX
TER,Teradyne,Semiconductor Materials & Equipment,110.0,35.031845,0.0044,3.14,90.24,163.21,17914710016,640716992,6.5439596,6.175958,http://www.sec.gov/cgi-bin/browse-edgar?action=getcompany&CIK=TER
TSLA,"Tesla, Inc.",Automobile Manufacturers,345.16,94.30601,,3.66,138.8,361.93,1107984384000,13244000256,11.404882,15.828671,http://www.sec.gov/cgi-bin/browse-edgar?action=getcompany&CIK=TSLA
TXN,Texas Instruments,Semiconductors,201.03,37.29685,0.0271,5.39,154.02,220.39,183382982656,6896999936,11.672267,10.617408,http://www.sec.gov/cgi-bin/browse-edgar?action=getcompany&CIK=TXN
TXT,Textron,Aerospace & Defense,85.63,18.737417,0.00090000004,4.57,75.7,97.34,15885391872,1644999936,1.1362128,2.2852337,http://www.sec.gov/cgi-bin/browse-edgar?action=getcompany&CIK=TXT
TMO,Thermo Fisher Scientific,Life Sciences Tools & Services,529.63,33.226475,0.0029,15.94,487.06,627.88,202583474176,10581999616,4.7812953,4.1350207,http://www.sec.gov/cgi-bin/browse-edgar?action=getcompany&CIK=TMO
TJX,TJX Companies,Apparel Retail,125.69,29.64387,0.0125,4.24,87.44,128.0,142518648832,7125000192,2.562225,19.511023,http://www.sec.gov/cgi-bin/browse-edgar?action=getcompany&CIK=TJX
TSCO,Tractor Supply,Other Specialty Retail,283.67,27.621227,0.0155,10.27,205.48,307.64,30307020800,1913799040,2.0519948,13.251892,http://www.sec.gov/cgi-bin/browse-edgar?action=getcompany&CIK=TSCO
TT,Trane Technologies,Building Products,416.22,38.18532,0.0081,10.9,226.18,422.0,93659488256,3691200000,4.8307223,12.347078,http://www.sec.gov/cgi-bin/browse-edgar?action=getcompany&CIK=TT
TDG,TransDigm Group,Aerospace & Defense,1252.97,49.020737,,25.56,950.94,1451.32,70455001088,3888000000,8.873426,,http://www.sec.gov/cgi-bin/browse-edgar?action=getcompany&CIK=TDG
TRV,Travelers Companies (The),Property & Casualty Insurance,266.04,13.6641,0.015800001,19.47,180.44,269.56,60536872960,6719000064,1.335117,2.1804948,http://www.sec.gov/cgi-bin/browse-edgar?action=getcompany&CIK=TRV
TRMB,Trimble Inc.,Electronic Equipment & Instruments,72.97,12.202341,,5.98,45.61,74.22,17819858944,737699968,4.9059434,3.050458,http://www.sec.gov/cgi-bin/browse-edgar?action=getcompany&CIK=TRMB
TFC,Truist Financial,Diversified Banks,47.68,,0.0436,-4.86,32.78,49.06,63389126656,,4.3725686,1.0724006,http://www.sec.gov/cgi-bin/browse-edgar?action=getcompany&CIK=TFC
TYL,Tyler Technologies,Application Software,629.17,115.02194,,5.47,397.8,637.53,26981955584,368943008,12.987041,8.219502,http://www.sec.gov/cgi-bin/browse-edgar?action=getcompany&CIK=TYL
TSN,Tyson Foods,Packaged Foods & Meats,64.5,28.666666,0.031,2.25,47.92,66.88,22935490560,3144000000,0.43023673,1.2480167,http://www.sec.gov/cgi-bin/browse-edgar?action=getcompany&CIK=TSN
USB,U.S. Bancorp,Diversified Banks,53.29,16.396923,0.0375,3.25,37.81,53.98,83430293504,,3.351018,1.5978531,http://www.sec.gov/cgi-bin/browse-edgar?action=getcompany&CIK=USB
UBER,Uber,Passenger Ground Transportation,71.96,35.448277,,2.03,54.84,87.0,151526883328,3444999936,3.6116526,10.244874,http://www.sec.gov/cgi-bin/browse-edgar?action=getcompany&CIK=UBER
UDR,"UDR, Inc.",Multi-Family Residential REITs,45.86,120.68421,0.037100002,0.38,33.99,47.55,17404329984,989297984,10.373805,4.3597302,http://www.sec.gov/cgi-bin/browse-edgar?action=getcompany&CIK=UDR
ULTA,Ulta Beauty,Other Specialty Retail,386.64,15.527712,,24.9,318.17,574.76,18216427520,1827608064,1.6090593,7.7882524,http://www.sec.gov/cgi-bin/browse-edgar?action=getcompany&CIK=ULTA
UNP,Union Pacific Corporation,Rail Transportation,244.66,22.466482,0.0219,10.89,218.55,258.66,148672299008,12030000128,6.1212244,8.953705,http://www.sec.gov/cgi-bin/browse-edgar?action=getcompany&CIK=UNP
UAL,United Airlines Holdings,Passenger Airlines,96.83,11.541121,,8.39,37.02,101.6,31845064704,7482999808,0.5687228,2.7841516,http://www.sec.gov/cgi-bin/browse-edgar?action=getcompany&CIK=UAL
UPS,United Parcel Service,Air Freight & Logistics,135.72,20.50151,0.048,6.62,123.12,163.82,115785179136,12007999488,1.2767702,6.8677263,http://www.sec.gov/cgi-bin/browse-edgar?action=getcompany&CIK=UPS
URI,United Rentals,Trading Companies & Distributors,866.0,22.676094,0.0075,38.19,474.56,896.98,56828997632,4542000128,3.7941647,6.6307306,http://www.sec.gov/cgi-bin/browse-edgar?action=getcompany&CIK=URI
UNH,UnitedHealth Group,Managed Health Care,610.2,39.674904,0.0138,15.38,436.38,630.73,561557340160,35035000832,1.4256415,5.9577627,http://www.sec.gov/cgi-bin/browse-edgar?action=getcompany&CIK=UNH
UHS,Universal Health Services,Health Care Facilities,205.0,13.639388,0.0039,15.03,133.7,243.25,13522948096,2124051968,0.8771021,2.047175,http://www.sec.gov/cgi-bin/browse-edgar?action=getcompany&CIK=UHS
VLO,Valero Energy,Oil & Gas Refining & Marketing,139.08,12.221441,0.0308,11.38,120.21,184.79,44030640128,7816000000,0.34203604,1.7435782,http://www.sec.gov/cgi-bin/browse-edgar?action=getcompany&CIK=VLO
VTR,Ventas,Health Care REITs,64.07,,0.028099999,-0.14,41.45,67.61,27075213312,1857009024,5.644062,2.7525024,http://www.sec.gov/cgi-bin/browse-edgar?action=getcompany&CIK=VTR
VLTO,Veralto,Environmental & Facilities Services,108.19,33.495358,0.0033000002,3.23,73.91,115.0,26756253696,1264999936,5.209551,13.686275,http://www.sec.gov/cgi-bin/browse-edgar?action=getcompany&CIK=VLTO
VRSN,Verisign,Internet Services & Infrastructure,187.18,21.841307,,8.57,167.05,220.91,18415648768,1089200000,11.939607,,http://www.sec.gov/cgi-bin/browse-edgar?action=getcompany&CIK=VRSN
VRSK,Verisk Analytics,Research & Consulting Services,294.21,45.472954,0.0053,6.47,217.34,296.58,41595117568,1363000064,14.7328005,138.8438,http://www.sec.gov/cgi-bin/browse-edgar?action=getcompany&CIK=VRSK
VZ,Verizon,Integrated Telecommunication Services,44.34,19.194805,0.061100002,2.31,36.46,45.36,186823049216,48428998656,1.3917403,1.9377677,http://www.sec.gov/cgi-bin/browse-edgar?action=getcompany&CIK=VZ
VRTX,Vertex Pharmaceuticals,Biotechnology,468.13,,,-1.92,347.51,519.88,120557051904,4446600192,11.345692,7.719058,http://www.sec.gov/cgi-bin/browse-edgar?action=getcompany&CIK=VRTX
VTRS,Viatris,Pharmaceuticals,13.09,,0.0367,-0.73,9.31,13.62,15779340288,4586699776,1.0485656,0.7894102,http://www.sec.gov/cgi-bin/browse-edgar?action=getcompany&CIK=VTRS
VICI,Vici Properties,Hotel & Resort REITs,32.61,12.077778,0.0531,2.7,27.075,34.29,34376482816,3661391104,9.0345125,1.3078003,http://www.sec.gov/cgi-bin/browse-edgar?action=getcompany&CIK=VICI
V,Visa Inc.,Transaction & Payment Processing Services,315.08,32.349075,0.0075,9.74,252.14,316.37,608999178240,24973000704,16.951488,15.69358,http://www.sec.gov/cgi-bin/browse-edgar?action=getcompany&CIK=V
VST,Vistra Corp.,Electric Utilities,159.84,30.101694,0.0055,5.31,35.99,168.67,54381719552,6019999744,3.343481,18.36819,http://www.sec.gov/cgi-bin/browse-edgar?action=getcompany&CIK=VST
VMC,Vulcan Materials Company,Construction Materials,288.13,45.020313,0.0064,6.4,210.86,298.31,38050738176,1985699968,5.143173,4.8369117,http://www.sec.gov/cgi-bin/browse-edgar?action=getcompany&CIK=VMC
WRB,W. R. Berkley Corporation,Property & Casualty Insurance,64.55,16.551283,0.0047999998,3.9,45.746666,65.49,24746600448,,1.875799,2.920154,http://www.sec.gov/cgi-bin/browse-edgar?action=getcompany&CIK=WRB
GWW,W. W. Grainger,Industrial Machinery & Supplies & Components,1205.34,32.682755,0.0068,36.88,794.0,1227.66,58726092800,2836999936,3.4683495,16.759687,http://www.sec.gov/cgi-bin/browse-edgar?action=getcompany&CIK=GWW
WAB,Wabtec,Construction Machinery & Heavy Transportation Equipment,200.62,33.436665,0.004,6.0,117.66,203.04,34484572160,2110000000,3.3382933,3.3938963,http://www.sec.gov/cgi-bin/browse-edgar?action=getcompany&CIK=WAB
WBA,Walgreens Boots Alliance,Drug Retail,9.02,,0.1109,-10.01,8.08,27.05,7833428480,2884000000,0.053051163,0.7461329,http://www.sec.gov/cgi-bin/browse-edgar?action=getcompany&CIK=WBA
WMT,Walmart,Consumer Staples Merchandise Retail,92.5,38.22314,0.0099,2.42,49.84667,92.64,743538098176,40779001856,1.1180435,8.883981,http://www.sec.gov/cgi-bin/browse-edgar?action=getcompany&CIK=WMT
DIS,Walt Disney Company (The),Movies & Entertainment,117.47,43.029305,0.0082,2.73,83.91,123.74,212966064128,16750999552,2.3655536,2.1200528,http://www.sec.gov/cgi-bin/browse-edgar?action=getcompany&CIK=DIS
WBD,Warner Bros. Discovery,Broadcasting,10.48,,,-4.58,6.64,12.7,25709219840,7144999936,0.6495836,0.7320992,http://www.sec.gov/cgi-bin/browse-edgar?action=getcompany&CIK=WBD
WM,Waste Management,Environmental & Facilities Services,228.22,34.842747,0.013099999,6.55,171.15,230.39,91696054272,6381000192,4.287467,11.479879,http://www.sec.gov/cgi-bin/browse-edgar?action=getcompany&CIK=WM
WAT,Waters Corporation,Life Sciences Tools & Services,384.72,36.780113,,10.46,279.24,395.44,22953050112,1008035008,7.9008226,14.247306,http://www.sec.gov/cgi-bin/browse-edgar?action=getcompany&CIK=WAT
WEC,WEC Energy Group,Electric Utilities,101.05,24.706602,0.033099998,4.09,75.13,102.79,32211204096,3489200128,3.7748096,2.6459112,http://www.sec.gov/cgi-bin/browse-edgar?action=getcompany&CIK=WEC
WFC,Wells Fargo,Diversified Banks,76.17,15.835758,0.021,4.81,44.41,78.13,257069924352,,3.3010583,1.5476046,http://www.sec.gov/cgi-bin/browse-edgar?action=getcompany&CIK=WFC
WELL,Welltower,Health Care REITs,138.18,87.45569,0.0194,1.58,85.4,140.75,86740697088,2930661888,11.480397,2.816953,http://www.sec.gov/cgi-bin/browse-edgar?action=getcompany&CIK=WELL
WST,West Pharmaceutical Services,Health Care Supplies,325.68,48.320477,0.0026,6.74,265.0,413.7,23586527232,744700032,8.200016,8.579557,http://www.sec.gov/cgi-bin/browse-edgar?action=getcompany&CIK=WST
WDC,Western Digital,"Technology Hardware, Storage & Peripherals",72.99,80.208786,,0.91,46.47,81.55,25233225728,2134000000,1.758658,2.1690934,http://www.sec.gov/cgi-bin/browse-edgar?action=getcompany&CIK=WDC
WY,Weyerhaeuser,Timber REITs,32.26,44.191776,0.0248,0.73,26.73,36.27,23504926720,1234000000,3.2691135,2.3618126,http://www.sec.gov/cgi-bin/browse-edgar?action=getcompany&CIK=WY
WMB,Williams Companies,Oil & Gas Storage & Transportation,58.52,24.796612,0.0325,2.36,32.65,60.36,71336468480,5864000000,6.881774,5.755877,http://www.sec.gov/cgi-bin/browse-edgar?action=getcompany&CIK=WMB
WTW,Willis Towers Watson,Insurance Brokers,322.0,,0.0109,-7.21,234.01,322.88,32433451008,2580999936,3.306499,4.335357,http://www.sec.gov/cgi-bin/browse-edgar?action=getcompany&CIK=WTW
WYNN,Wynn Resorts,Casinos & Gaming,94.38,11.330132,0.0106,8.33,71.63,110.38,10364339200,1829332992,1.4537007,,http://www.sec.gov/cgi-bin/browse-edgar?action=getcompany&CIK=WYNN
XEL,Xcel Energy,Multi-Utilities,72.56,21.531157,0.030199999,3.37,46.79,73.38,41873723392,5510000128,3.042485,2.1526046,http://www.sec.gov/cgi-bin/browse-edgar?action=getcompany&CIK=XEL
XYL,Xylem Inc.,Industrial Machinery & Supplies & Components,126.75,36.31805,0.0114,3.49,104.95,146.08,30793277440,1688999936,3.6554222,2.907577,http://www.sec.gov/cgi-bin/browse-edgar?action=getcompany&CIK=XYL
YUM,Yum! Brands,Restaurants,138.94,25.970095,0.019299999,5.35,123.7,143.2,38883053568,2608000000,5.383228,,http://www.sec.gov/cgi-bin/browse-edgar?action=getcompany&CIK=YUM
ZBRA,Zebra Technologies,Electronic Equipment & Instruments,407.0,55.22388,,7.37,232.29,409.03,20993060864,803000000,4.508819,6.1320114,http://www.sec.gov/cgi-bin/browse-edgar?action=getcompany&CIK=ZBRA
ZBH,Zimmer Biomet,Health Care Equipment,112.1,21.393131,0.0086,5.24,101.47,133.9,22316195840,2557400064,2.9380813,1.808152,http://www.sec.gov/cgi-bin/browse-edgar?action=getcompany&CIK=ZBH
ZTS,Zoetis,Pharmaceuticals,175.25,32.879925,0.0099,5.33,144.8,201.92,79738920960,3764000000,8.712731,15.11949,http://www.sec.gov/cgi-bin/browse-edgar?action=getcompany&CIK=ZTS
